"Benchmark","Mode","Threads","Samples","Score","Score Error (99.9%)","Unit","Param: size"
"chaos.tree.benchmark.binary.InsertDeleteBenchmark.avlInsertDelete","sample",1,231661,201.814401,3.640238,"ns/op",10000
"chaos.tree.benchmark.binary.InsertDeleteBenchmark.avlInsertDelete:099      cpu_atom/dTLB-loads/             #      0.0 %  dtlb_miss_rate           (0.37%)","sample",1,1,NaN,NaN,"#/op",10000
"chaos.tree.benchmark.binary.InsertDeleteBenchmark.avlInsertDelete:cpu_atom/L1-dcache-loads/","sample",1,1,NaN,NaN,"#/op",10000
"chaos.tree.benchmark.binary.InsertDeleteBenchmark.avlInsertDelete:cpu_atom/L1-dcache-stores/","sample",1,1,NaN,NaN,"#/op",10000
"chaos.tree.benchmark.binary.InsertDeleteBenchmark.avlInsertDelete:cpu_atom/L1-icache-load-misses/","sample",1,1,NaN,NaN,"#/op",10000
"chaos.tree.benchmark.binary.InsertDeleteBenchmark.avlInsertDelete:cpu_atom/LLC-load-misses/","sample",1,1,NaN,NaN,"#/op",10000
"chaos.tree.benchmark.binary.InsertDeleteBenchmark.avlInsertDelete:cpu_atom/LLC-loads/","sample",1,1,NaN,NaN,"#/op",10000
"chaos.tree.benchmark.binary.InsertDeleteBenchmark.avlInsertDelete:cpu_atom/LLC-store-misses/","sample",1,1,NaN,NaN,"#/op",10000
"chaos.tree.benchmark.binary.InsertDeleteBenchmark.avlInsertDelete:cpu_atom/LLC-stores/","sample",1,1,0.009989,NaN,"#/op",10000
"chaos.tree.benchmark.binary.InsertDeleteBenchmark.avlInsertDelete:cpu_atom/branch-misses/","sample",1,1,NaN,NaN,"#/op",10000
"chaos.tree.benchmark.binary.InsertDeleteBenchmark.avlInsertDelete:cpu_atom/branches/","sample",1,1,9.528445,NaN,"#/op",10000
"chaos.tree.benchmark.binary.InsertDeleteBenchmark.avlInsertDelete:cpu_atom/cycles/","sample",1,1,16.310697,NaN,"#/op",10000
"chaos.tree.benchmark.binary.InsertDeleteBenchmark.avlInsertDelete:cpu_atom/dTLB-load-misses/","sample",1,1,0.005625,NaN,"#/op",10000
"chaos.tree.benchmark.binary.InsertDeleteBenchmark.avlInsertDelete:cpu_atom/dTLB-loads/","sample",1,1,NaN,NaN,"#/op",10000
"chaos.tree.benchmark.binary.InsertDeleteBenchmark.avlInsertDelete:cpu_atom/dTLB-store-misses/","sample",1,1,0.000202,NaN,"#/op",10000
"chaos.tree.benchmark.binary.InsertDeleteBenchmark.avlInsertDelete:cpu_atom/dTLB-stores/","sample",1,1,7.966155,NaN,"#/op",10000
"chaos.tree.benchmark.binary.InsertDeleteBenchmark.avlInsertDelete:cpu_atom/iTLB-load-misses/","sample",1,1,0.002315,NaN,"#/op",10000
"chaos.tree.benchmark.binary.InsertDeleteBenchmark.avlInsertDelete:cpu_atom/instructions/","sample",1,1,66.062340,NaN,"#/op",10000
"chaos.tree.benchmark.binary.InsertDeleteBenchmark.avlInsertDelete:cpu_core/L1-dcache-loads/","sample",1,1,1055.982163,NaN,"#/op",10000
"chaos.tree.benchmark.binary.InsertDeleteBenchmark.avlInsertDelete:cpu_core/L1-dcache-stores/","sample",1,1,227.851975,NaN,"#/op",10000
"chaos.tree.benchmark.binary.InsertDeleteBenchmark.avlInsertDelete:cpu_core/L1-icache-load-misses/","sample",1,1,0.436908,NaN,"#/op",10000
"chaos.tree.benchmark.binary.InsertDeleteBenchmark.avlInsertDelete:cpu_core/LLC-load-misses/","sample",1,1,0.002074,NaN,"#/op",10000
"chaos.tree.benchmark.binary.InsertDeleteBenchmark.avlInsertDelete:cpu_core/LLC-loads/","sample",1,1,0.016581,NaN,"#/op",10000
"chaos.tree.benchmark.binary.InsertDeleteBenchmark.avlInsertDelete:cpu_core/LLC-store-misses/","sample",1,1,0.100414,NaN,"#/op",10000
"chaos.tree.benchmark.binary.InsertDeleteBenchmark.avlInsertDelete:cpu_core/LLC-stores/","sample",1,1,0.106043,NaN,"#/op",10000
"chaos.tree.benchmark.binary.InsertDeleteBenchmark.avlInsertDelete:cpu_core/branch-misses/","sample",1,1,0.229302,NaN,"#/op",10000
"chaos.tree.benchmark.binary.InsertDeleteBenchmark.avlInsertDelete:cpu_core/branches/","sample",1,1,801.805001,NaN,"#/op",10000
"chaos.tree.benchmark.binary.InsertDeleteBenchmark.avlInsertDelete:cpu_core/cycles/","sample",1,1,642.945186,NaN,"#/op",10000
"chaos.tree.benchmark.binary.InsertDeleteBenchmark.avlInsertDelete:cpu_core/dTLB-load-misses/","sample",1,1,0.007227,NaN,"#/op",10000
"chaos.tree.benchmark.binary.InsertDeleteBenchmark.avlInsertDelete:cpu_core/dTLB-loads/","sample",1,1,1057.521101,NaN,"#/op",10000
"chaos.tree.benchmark.binary.InsertDeleteBenchmark.avlInsertDelete:cpu_core/dTLB-store-misses/","sample",1,1,0.024981,NaN,"#/op",10000
"chaos.tree.benchmark.binary.InsertDeleteBenchmark.avlInsertDelete:cpu_core/dTLB-stores/","sample",1,1,228.170914,NaN,"#/op",10000
"chaos.tree.benchmark.binary.InsertDeleteBenchmark.avlInsertDelete:cpu_core/iTLB-load-misses/","sample",1,1,0.001847,NaN,"#/op",10000
"chaos.tree.benchmark.binary.InsertDeleteBenchmark.avlInsertDelete:cpu_core/instructions/","sample",1,1,3727.811811,NaN,"#/op",10000
"chaos.tree.benchmark.binary.InsertDeleteBenchmark.avlInsertDelete:gc.alloc.rate","sample",1,5,360.276822,46.327889,"MB/sec",10000
"chaos.tree.benchmark.binary.InsertDeleteBenchmark.avlInsertDelete:gc.alloc.rate.norm","sample",1,5,64.019956,0.003978,"B/op",10000
"chaos.tree.benchmark.binary.InsertDeleteBenchmark.avlInsertDelete:gc.count","sample",1,5,2.000000,NaN,"counts",10000
"chaos.tree.benchmark.binary.InsertDeleteBenchmark.avlInsertDelete:gc.time","sample",1,5,5.000000,NaN,"ms",10000
"chaos.tree.benchmark.binary.InsertDeleteBenchmark.avlInsertDelete:p0.00","sample",1,1,155.000000,NaN,"ns/op",10000
"chaos.tree.benchmark.binary.InsertDeleteBenchmark.avlInsertDelete:p0.50","sample",1,1,173.000000,NaN,"ns/op",10000
"chaos.tree.benchmark.binary.InsertDeleteBenchmark.avlInsertDelete:p0.90","sample",1,1,197.000000,NaN,"ns/op",10000
"chaos.tree.benchmark.binary.InsertDeleteBenchmark.avlInsertDelete:p0.95","sample",1,1,207.000000,NaN,"ns/op",10000
"chaos.tree.benchmark.binary.InsertDeleteBenchmark.avlInsertDelete:p0.99","sample",1,1,415.000000,NaN,"ns/op",10000
"chaos.tree.benchmark.binary.InsertDeleteBenchmark.avlInsertDelete:p0.999","sample",1,1,7061.408000,NaN,"ns/op",10000
"chaos.tree.benchmark.binary.InsertDeleteBenchmark.avlInsertDelete:p0.9999","sample",1,1,16762.860800,NaN,"ns/op",10000
"chaos.tree.benchmark.binary.InsertDeleteBenchmark.avlInsertDelete:p1.00","sample",1,1,123904.000000,NaN,"ns/op",10000
"chaos.tree.benchmark.binary.InsertDeleteBenchmark.avlInsertDelete:perf","sample",1,1,NaN,NaN,"---",10000
"chaos.tree.benchmark.binary.InsertDeleteBenchmark.bstInsertDelete","sample",1,296768,58.717705,1.488152,"ns/op",10000
"chaos.tree.benchmark.binary.InsertDeleteBenchmark.bstInsertDelete:024      cpu_core/LLC-loads/              #     30.9 %  llc_miss_rate            (7.29%)","sample",1,1,NaN,NaN,"#/op",10000
"chaos.tree.benchmark.binary.InsertDeleteBenchmark.bstInsertDelete:129      cpu_atom/LLC-loads/              #      0.6 %  llc_miss_rate            (0.66%)","sample",1,1,NaN,NaN,"#/op",10000
"chaos.tree.benchmark.binary.InsertDeleteBenchmark.bstInsertDelete:729      cpu_core/branch-misses/          #      0.0 %  branch_miss_rate         (10.90%)","sample",1,1,NaN,NaN,"#/op",10000
"chaos.tree.benchmark.binary.InsertDeleteBenchmark.bstInsertDelete:958      cpu_atom/branches/               #    780.3 M/sec  branch_frequency     (0.23%)","sample",1,1,NaN,NaN,"#/op",10000
"chaos.tree.benchmark.binary.InsertDeleteBenchmark.bstInsertDelete:cpu_core/L1-dcache-loads/","sample",1,1,196.195922,NaN,"#/op",10000
"chaos.tree.benchmark.binary.InsertDeleteBenchmark.bstInsertDelete:cpu_core/L1-dcache-stores/","sample",1,1,36.896183,NaN,"#/op",10000
"chaos.tree.benchmark.binary.InsertDeleteBenchmark.bstInsertDelete:cpu_core/L1-icache-load-misses/","sample",1,1,0.033146,NaN,"#/op",10000
"chaos.tree.benchmark.binary.InsertDeleteBenchmark.bstInsertDelete:cpu_core/LLC-load-misses/","sample",1,1,0.000887,NaN,"#/op",10000
"chaos.tree.benchmark.binary.InsertDeleteBenchmark.bstInsertDelete:cpu_core/LLC-loads/","sample",1,1,0.014353,NaN,"#/op",10000
"chaos.tree.benchmark.binary.InsertDeleteBenchmark.bstInsertDelete:cpu_core/LLC-store-misses/","sample",1,1,0.000856,NaN,"#/op",10000
"chaos.tree.benchmark.binary.InsertDeleteBenchmark.bstInsertDelete:cpu_core/LLC-stores/","sample",1,1,0.003071,NaN,"#/op",10000
"chaos.tree.benchmark.binary.InsertDeleteBenchmark.bstInsertDelete:cpu_core/branch-misses/","sample",1,1,0.019845,NaN,"#/op",10000
"chaos.tree.benchmark.binary.InsertDeleteBenchmark.bstInsertDelete:cpu_core/branches/","sample",1,1,154.346331,NaN,"#/op",10000
"chaos.tree.benchmark.binary.InsertDeleteBenchmark.bstInsertDelete:cpu_core/cycles/","sample",1,1,126.606989,NaN,"#/op",10000
"chaos.tree.benchmark.binary.InsertDeleteBenchmark.bstInsertDelete:cpu_core/dTLB-load-misses/","sample",1,1,0.000411,NaN,"#/op",10000
"chaos.tree.benchmark.binary.InsertDeleteBenchmark.bstInsertDelete:cpu_core/dTLB-loads/","sample",1,1,196.552055,NaN,"#/op",10000
"chaos.tree.benchmark.binary.InsertDeleteBenchmark.bstInsertDelete:cpu_core/dTLB-store-misses/","sample",1,1,0.000284,NaN,"#/op",10000
"chaos.tree.benchmark.binary.InsertDeleteBenchmark.bstInsertDelete:cpu_core/dTLB-stores/","sample",1,1,36.917494,NaN,"#/op",10000
"chaos.tree.benchmark.binary.InsertDeleteBenchmark.bstInsertDelete:cpu_core/iTLB-load-misses/","sample",1,1,0.000252,NaN,"#/op",10000
"chaos.tree.benchmark.binary.InsertDeleteBenchmark.bstInsertDelete:cpu_core/instructions/","sample",1,1,634.027737,NaN,"#/op",10000
"chaos.tree.benchmark.binary.InsertDeleteBenchmark.bstInsertDelete:gc.alloc.rate","sample",1,5,1619.148309,15.790944,"MB/sec",10000
"chaos.tree.benchmark.binary.InsertDeleteBenchmark.bstInsertDelete:gc.alloc.rate.norm","sample",1,5,56.002724,0.002108,"B/op",10000
"chaos.tree.benchmark.binary.InsertDeleteBenchmark.bstInsertDelete:gc.count","sample",1,5,6.000000,NaN,"counts",10000
"chaos.tree.benchmark.binary.InsertDeleteBenchmark.bstInsertDelete:gc.time","sample",1,5,12.000000,NaN,"ms",10000
"chaos.tree.benchmark.binary.InsertDeleteBenchmark.bstInsertDelete:p0.00","sample",1,1,47.000000,NaN,"ns/op",10000
"chaos.tree.benchmark.binary.InsertDeleteBenchmark.bstInsertDelete:p0.50","sample",1,1,53.000000,NaN,"ns/op",10000
"chaos.tree.benchmark.binary.InsertDeleteBenchmark.bstInsertDelete:p0.90","sample",1,1,55.000000,NaN,"ns/op",10000
"chaos.tree.benchmark.binary.InsertDeleteBenchmark.bstInsertDelete:p0.95","sample",1,1,56.000000,NaN,"ns/op",10000
"chaos.tree.benchmark.binary.InsertDeleteBenchmark.bstInsertDelete:p0.99","sample",1,1,66.000000,NaN,"ns/op",10000
"chaos.tree.benchmark.binary.InsertDeleteBenchmark.bstInsertDelete:p0.999","sample",1,1,343.924000,NaN,"ns/op",10000
"chaos.tree.benchmark.binary.InsertDeleteBenchmark.bstInsertDelete:p0.9999","sample",1,1,12553.356800,NaN,"ns/op",10000
"chaos.tree.benchmark.binary.InsertDeleteBenchmark.bstInsertDelete:p1.00","sample",1,1,37568.000000,NaN,"ns/op",10000
"chaos.tree.benchmark.binary.InsertDeleteBenchmark.bstInsertDelete:perf","sample",1,1,NaN,NaN,"---",10000
"chaos.tree.benchmark.binary.InsertDeleteBenchmark.javaTreeSetInsertDelete","sample",1,339059,100.107674,1.331604,"ns/op",10000
"chaos.tree.benchmark.binary.InsertDeleteBenchmark.javaTreeSetInsertDelete:378      cpu_atom/dTLB-loads/             #      0.1 %  dtlb_miss_rate           (0.16%)","sample",1,1,NaN,NaN,"#/op",10000
"chaos.tree.benchmark.binary.InsertDeleteBenchmark.javaTreeSetInsertDelete:cpu_core/L1-dcache-loads/","sample",1,1,345.465512,NaN,"#/op",10000
"chaos.tree.benchmark.binary.InsertDeleteBenchmark.javaTreeSetInsertDelete:cpu_core/L1-dcache-stores/","sample",1,1,106.046114,NaN,"#/op",10000
"chaos.tree.benchmark.binary.InsertDeleteBenchmark.javaTreeSetInsertDelete:cpu_core/L1-icache-load-misses/","sample",1,1,0.068678,NaN,"#/op",10000
"chaos.tree.benchmark.binary.InsertDeleteBenchmark.javaTreeSetInsertDelete:cpu_core/LLC-load-misses/","sample",1,1,0.001747,NaN,"#/op",10000
"chaos.tree.benchmark.binary.InsertDeleteBenchmark.javaTreeSetInsertDelete:cpu_core/LLC-loads/","sample",1,1,0.018411,NaN,"#/op",10000
"chaos.tree.benchmark.binary.InsertDeleteBenchmark.javaTreeSetInsertDelete:cpu_core/LLC-store-misses/","sample",1,1,0.000994,NaN,"#/op",10000
"chaos.tree.benchmark.binary.InsertDeleteBenchmark.javaTreeSetInsertDelete:cpu_core/LLC-stores/","sample",1,1,0.006558,NaN,"#/op",10000
"chaos.tree.benchmark.binary.InsertDeleteBenchmark.javaTreeSetInsertDelete:cpu_core/branch-misses/","sample",1,1,0.401167,NaN,"#/op",10000
"chaos.tree.benchmark.binary.InsertDeleteBenchmark.javaTreeSetInsertDelete:cpu_core/branches/","sample",1,1,262.338882,NaN,"#/op",10000
"chaos.tree.benchmark.binary.InsertDeleteBenchmark.javaTreeSetInsertDelete:cpu_core/cycles/","sample",1,1,221.043728,NaN,"#/op",10000
"chaos.tree.benchmark.binary.InsertDeleteBenchmark.javaTreeSetInsertDelete:cpu_core/dTLB-load-misses/","sample",1,1,0.000611,NaN,"#/op",10000
"chaos.tree.benchmark.binary.InsertDeleteBenchmark.javaTreeSetInsertDelete:cpu_core/dTLB-loads/","sample",1,1,344.927210,NaN,"#/op",10000
"chaos.tree.benchmark.binary.InsertDeleteBenchmark.javaTreeSetInsertDelete:cpu_core/dTLB-store-misses/","sample",1,1,0.000483,NaN,"#/op",10000
"chaos.tree.benchmark.binary.InsertDeleteBenchmark.javaTreeSetInsertDelete:cpu_core/dTLB-stores/","sample",1,1,105.970070,NaN,"#/op",10000
"chaos.tree.benchmark.binary.InsertDeleteBenchmark.javaTreeSetInsertDelete:cpu_core/iTLB-load-misses/","sample",1,1,0.019941,NaN,"#/op",10000
"chaos.tree.benchmark.binary.InsertDeleteBenchmark.javaTreeSetInsertDelete:cpu_core/instructions/","sample",1,1,1157.323591,NaN,"#/op",10000
"chaos.tree.benchmark.binary.InsertDeleteBenchmark.javaTreeSetInsertDelete:gc.alloc.rate","sample",1,5,1189.878467,25.172659,"MB/sec",10000
"chaos.tree.benchmark.binary.InsertDeleteBenchmark.javaTreeSetInsertDelete:gc.alloc.rate.norm","sample",1,5,72.004994,0.002721,"B/op",10000
"chaos.tree.benchmark.binary.InsertDeleteBenchmark.javaTreeSetInsertDelete:gc.count","sample",1,5,5.000000,NaN,"counts",10000
"chaos.tree.benchmark.binary.InsertDeleteBenchmark.javaTreeSetInsertDelete:gc.time","sample",1,5,9.000000,NaN,"ms",10000
"chaos.tree.benchmark.binary.InsertDeleteBenchmark.javaTreeSetInsertDelete:p0.00","sample",1,1,72.000000,NaN,"ns/op",10000
"chaos.tree.benchmark.binary.InsertDeleteBenchmark.javaTreeSetInsertDelete:p0.50","sample",1,1,100.000000,NaN,"ns/op",10000
"chaos.tree.benchmark.binary.InsertDeleteBenchmark.javaTreeSetInsertDelete:p0.90","sample",1,1,104.000000,NaN,"ns/op",10000
"chaos.tree.benchmark.binary.InsertDeleteBenchmark.javaTreeSetInsertDelete:p0.95","sample",1,1,105.000000,NaN,"ns/op",10000
"chaos.tree.benchmark.binary.InsertDeleteBenchmark.javaTreeSetInsertDelete:p0.99","sample",1,1,115.000000,NaN,"ns/op",10000
"chaos.tree.benchmark.binary.InsertDeleteBenchmark.javaTreeSetInsertDelete:p0.999","sample",1,1,523.000000,NaN,"ns/op",10000
"chaos.tree.benchmark.binary.InsertDeleteBenchmark.javaTreeSetInsertDelete:p0.9999","sample",1,1,12387.008000,NaN,"ns/op",10000
"chaos.tree.benchmark.binary.InsertDeleteBenchmark.javaTreeSetInsertDelete:p1.00","sample",1,1,26336.000000,NaN,"ns/op",10000
"chaos.tree.benchmark.binary.InsertDeleteBenchmark.javaTreeSetInsertDelete:perf","sample",1,1,NaN,NaN,"---",10000
"chaos.tree.benchmark.binary.InsertDeleteBenchmark.rbtInsertDelete","sample",1,218419,124.551550,2.183405,"ns/op",10000
"chaos.tree.benchmark.binary.InsertDeleteBenchmark.rbtInsertDelete:343      cpu_core/branch-misses/          #      0.0 %  branch_miss_rate         (10.71%)","sample",1,1,NaN,NaN,"#/op",10000
"chaos.tree.benchmark.binary.InsertDeleteBenchmark.rbtInsertDelete:559      cpu_core/L1-dcache-load-misses/  #      nan %  l1d_miss_rate            (24.13%)","sample",1,1,NaN,NaN,"#/op",10000
"chaos.tree.benchmark.binary.InsertDeleteBenchmark.rbtInsertDelete:cpu_core/L1-dcache-loads/","sample",1,1,498.627755,NaN,"#/op",10000
"chaos.tree.benchmark.binary.InsertDeleteBenchmark.rbtInsertDelete:cpu_core/L1-dcache-stores/","sample",1,1,129.042854,NaN,"#/op",10000
"chaos.tree.benchmark.binary.InsertDeleteBenchmark.rbtInsertDelete:cpu_core/L1-icache-load-misses/","sample",1,1,0.088192,NaN,"#/op",10000
"chaos.tree.benchmark.binary.InsertDeleteBenchmark.rbtInsertDelete:cpu_core/LLC-load-misses/","sample",1,1,0.001301,NaN,"#/op",10000
"chaos.tree.benchmark.binary.InsertDeleteBenchmark.rbtInsertDelete:cpu_core/LLC-loads/","sample",1,1,0.022881,NaN,"#/op",10000
"chaos.tree.benchmark.binary.InsertDeleteBenchmark.rbtInsertDelete:cpu_core/LLC-store-misses/","sample",1,1,0.001956,NaN,"#/op",10000
"chaos.tree.benchmark.binary.InsertDeleteBenchmark.rbtInsertDelete:cpu_core/LLC-stores/","sample",1,1,0.003646,NaN,"#/op",10000
"chaos.tree.benchmark.binary.InsertDeleteBenchmark.rbtInsertDelete:cpu_core/branch-misses/","sample",1,1,0.050959,NaN,"#/op",10000
"chaos.tree.benchmark.binary.InsertDeleteBenchmark.rbtInsertDelete:cpu_core/branches/","sample",1,1,516.870352,NaN,"#/op",10000
"chaos.tree.benchmark.binary.InsertDeleteBenchmark.rbtInsertDelete:cpu_core/cycles/","sample",1,1,343.834165,NaN,"#/op",10000
"chaos.tree.benchmark.binary.InsertDeleteBenchmark.rbtInsertDelete:cpu_core/dTLB-load-misses/","sample",1,1,0.000815,NaN,"#/op",10000
"chaos.tree.benchmark.binary.InsertDeleteBenchmark.rbtInsertDelete:cpu_core/dTLB-loads/","sample",1,1,497.096493,NaN,"#/op",10000
"chaos.tree.benchmark.binary.InsertDeleteBenchmark.rbtInsertDelete:cpu_core/dTLB-store-misses/","sample",1,1,0.000747,NaN,"#/op",10000
"chaos.tree.benchmark.binary.InsertDeleteBenchmark.rbtInsertDelete:cpu_core/dTLB-stores/","sample",1,1,129.059994,NaN,"#/op",10000
"chaos.tree.benchmark.binary.InsertDeleteBenchmark.rbtInsertDelete:cpu_core/iTLB-load-misses/","sample",1,1,0.000581,NaN,"#/op",10000
"chaos.tree.benchmark.binary.InsertDeleteBenchmark.rbtInsertDelete:cpu_core/instructions/","sample",1,1,1957.075623,NaN,"#/op",10000
"chaos.tree.benchmark.binary.InsertDeleteBenchmark.rbtInsertDelete:gc.alloc.rate","sample",1,5,679.932646,9.658150,"MB/sec",10000
"chaos.tree.benchmark.binary.InsertDeleteBenchmark.rbtInsertDelete:gc.alloc.rate.norm","sample",1,5,64.008181,0.004570,"B/op",10000
"chaos.tree.benchmark.binary.InsertDeleteBenchmark.rbtInsertDelete:gc.count","sample",1,5,3.000000,NaN,"counts",10000
"chaos.tree.benchmark.binary.InsertDeleteBenchmark.rbtInsertDelete:gc.time","sample",1,5,6.000000,NaN,"ms",10000
"chaos.tree.benchmark.binary.InsertDeleteBenchmark.rbtInsertDelete:p0.00","sample",1,1,105.000000,NaN,"ns/op",10000
"chaos.tree.benchmark.binary.InsertDeleteBenchmark.rbtInsertDelete:p0.50","sample",1,1,111.000000,NaN,"ns/op",10000
"chaos.tree.benchmark.binary.InsertDeleteBenchmark.rbtInsertDelete:p0.90","sample",1,1,129.000000,NaN,"ns/op",10000
"chaos.tree.benchmark.binary.InsertDeleteBenchmark.rbtInsertDelete:p0.95","sample",1,1,131.000000,NaN,"ns/op",10000
"chaos.tree.benchmark.binary.InsertDeleteBenchmark.rbtInsertDelete:p0.99","sample",1,1,163.000000,NaN,"ns/op",10000
"chaos.tree.benchmark.binary.InsertDeleteBenchmark.rbtInsertDelete:p0.999","sample",1,1,3503.760000,NaN,"ns/op",10000
"chaos.tree.benchmark.binary.InsertDeleteBenchmark.rbtInsertDelete:p0.9999","sample",1,1,12480.000000,NaN,"ns/op",10000
"chaos.tree.benchmark.binary.InsertDeleteBenchmark.rbtInsertDelete:p1.00","sample",1,1,35840.000000,NaN,"ns/op",10000
"chaos.tree.benchmark.binary.InsertDeleteBenchmark.rbtInsertDelete:perf","sample",1,1,NaN,NaN,"---",10000
"chaos.tree.benchmark.binary.InsertDeleteBenchmark.treapInsertDelete","sample",1,279631,95.255272,2.052161,"ns/op",10000
"chaos.tree.benchmark.binary.InsertDeleteBenchmark.treapInsertDelete:048      cpu_atom/LLC-loads/              #      0.4 %  llc_miss_rate            (0.25%)","sample",1,1,NaN,NaN,"#/op",10000
"chaos.tree.benchmark.binary.InsertDeleteBenchmark.treapInsertDelete:732      cpu_atom/dTLB-loads/             #      0.0 %  dtlb_miss_rate           (0.22%)","sample",1,1,NaN,NaN,"#/op",10000
"chaos.tree.benchmark.binary.InsertDeleteBenchmark.treapInsertDelete:750      cpu_core/LLC-loads/              #     30.5 %  llc_miss_rate            (7.20%)","sample",1,1,NaN,NaN,"#/op",10000
"chaos.tree.benchmark.binary.InsertDeleteBenchmark.treapInsertDelete:926      cpu_atom/cpu-cycles/             #      1.2 GHz  cycles_frequency       (0.31%)","sample",1,1,NaN,NaN,"#/op",10000
"chaos.tree.benchmark.binary.InsertDeleteBenchmark.treapInsertDelete:cpu_atom/L1-dcache-loads/","sample",1,1,7.699169,NaN,"#/op",10000
"chaos.tree.benchmark.binary.InsertDeleteBenchmark.treapInsertDelete:cpu_atom/L1-dcache-stores/","sample",1,1,32.711677,NaN,"#/op",10000
"chaos.tree.benchmark.binary.InsertDeleteBenchmark.treapInsertDelete:cpu_atom/L1-icache-load-misses/","sample",1,1,0.224046,NaN,"#/op",10000
"chaos.tree.benchmark.binary.InsertDeleteBenchmark.treapInsertDelete:cpu_atom/LLC-load-misses/","sample",1,1,0.000000,NaN,"#/op",10000
"chaos.tree.benchmark.binary.InsertDeleteBenchmark.treapInsertDelete:cpu_atom/LLC-loads/","sample",1,1,0.029350,NaN,"#/op",10000
"chaos.tree.benchmark.binary.InsertDeleteBenchmark.treapInsertDelete:cpu_atom/branch-misses/","sample",1,1,NaN,NaN,"#/op",10000
"chaos.tree.benchmark.binary.InsertDeleteBenchmark.treapInsertDelete:cpu_atom/branches/","sample",1,1,43.937102,NaN,"#/op",10000
"chaos.tree.benchmark.binary.InsertDeleteBenchmark.treapInsertDelete:cpu_atom/cycles/","sample",1,1,53.690447,NaN,"#/op",10000
"chaos.tree.benchmark.binary.InsertDeleteBenchmark.treapInsertDelete:cpu_atom/dTLB-load-misses/","sample",1,1,NaN,NaN,"#/op",10000
"chaos.tree.benchmark.binary.InsertDeleteBenchmark.treapInsertDelete:cpu_atom/dTLB-loads/","sample",1,1,52.487165,NaN,"#/op",10000
"chaos.tree.benchmark.binary.InsertDeleteBenchmark.treapInsertDelete:cpu_atom/dTLB-store-misses/","sample",1,1,0.000175,NaN,"#/op",10000
"chaos.tree.benchmark.binary.InsertDeleteBenchmark.treapInsertDelete:cpu_atom/dTLB-stores/","sample",1,1,19.776742,NaN,"#/op",10000
"chaos.tree.benchmark.binary.InsertDeleteBenchmark.treapInsertDelete:cpu_atom/iTLB-load-misses/","sample",1,1,0.004874,NaN,"#/op",10000
"chaos.tree.benchmark.binary.InsertDeleteBenchmark.treapInsertDelete:cpu_atom/instructions/","sample",1,1,207.620169,NaN,"#/op",10000
"chaos.tree.benchmark.binary.InsertDeleteBenchmark.treapInsertDelete:cpu_core/L1-dcache-loads/","sample",1,1,359.674626,NaN,"#/op",10000
"chaos.tree.benchmark.binary.InsertDeleteBenchmark.treapInsertDelete:cpu_core/L1-dcache-stores/","sample",1,1,137.606029,NaN,"#/op",10000
"chaos.tree.benchmark.binary.InsertDeleteBenchmark.treapInsertDelete:cpu_core/L1-icache-load-misses/","sample",1,1,0.063172,NaN,"#/op",10000
"chaos.tree.benchmark.binary.InsertDeleteBenchmark.treapInsertDelete:cpu_core/LLC-load-misses/","sample",1,1,0.001058,NaN,"#/op",10000
"chaos.tree.benchmark.binary.InsertDeleteBenchmark.treapInsertDelete:cpu_core/LLC-loads/","sample",1,1,0.022101,NaN,"#/op",10000
"chaos.tree.benchmark.binary.InsertDeleteBenchmark.treapInsertDelete:cpu_core/LLC-store-misses/","sample",1,1,0.001097,NaN,"#/op",10000
"chaos.tree.benchmark.binary.InsertDeleteBenchmark.treapInsertDelete:cpu_core/LLC-stores/","sample",1,1,0.004967,NaN,"#/op",10000
"chaos.tree.benchmark.binary.InsertDeleteBenchmark.treapInsertDelete:cpu_core/branch-misses/","sample",1,1,0.938103,NaN,"#/op",10000
"chaos.tree.benchmark.binary.InsertDeleteBenchmark.treapInsertDelete:cpu_core/branches/","sample",1,1,306.498068,NaN,"#/op",10000
"chaos.tree.benchmark.binary.InsertDeleteBenchmark.treapInsertDelete:cpu_core/cycles/","sample",1,1,267.577572,NaN,"#/op",10000
"chaos.tree.benchmark.binary.InsertDeleteBenchmark.treapInsertDelete:cpu_core/dTLB-load-misses/","sample",1,1,0.000926,NaN,"#/op",10000
"chaos.tree.benchmark.binary.InsertDeleteBenchmark.treapInsertDelete:cpu_core/dTLB-loads/","sample",1,1,360.607204,NaN,"#/op",10000
"chaos.tree.benchmark.binary.InsertDeleteBenchmark.treapInsertDelete:cpu_core/dTLB-store-misses/","sample",1,1,0.000677,NaN,"#/op",10000
"chaos.tree.benchmark.binary.InsertDeleteBenchmark.treapInsertDelete:cpu_core/dTLB-stores/","sample",1,1,137.162726,NaN,"#/op",10000
"chaos.tree.benchmark.binary.InsertDeleteBenchmark.treapInsertDelete:cpu_core/iTLB-load-misses/","sample",1,1,0.000580,NaN,"#/op",10000
"chaos.tree.benchmark.binary.InsertDeleteBenchmark.treapInsertDelete:cpu_core/instructions/","sample",1,1,1446.678679,NaN,"#/op",10000
"chaos.tree.benchmark.binary.InsertDeleteBenchmark.treapInsertDelete:gc.alloc.rate","sample",1,5,1090.242516,13.848757,"MB/sec",10000
"chaos.tree.benchmark.binary.InsertDeleteBenchmark.treapInsertDelete:gc.alloc.rate.norm","sample",1,5,80.006132,0.002125,"B/op",10000
"chaos.tree.benchmark.binary.InsertDeleteBenchmark.treapInsertDelete:gc.count","sample",1,5,4.000000,NaN,"counts",10000
"chaos.tree.benchmark.binary.InsertDeleteBenchmark.treapInsertDelete:gc.time","sample",1,5,9.000000,NaN,"ms",10000
"chaos.tree.benchmark.binary.InsertDeleteBenchmark.treapInsertDelete:p0.00","sample",1,1,66.000000,NaN,"ns/op",10000
"chaos.tree.benchmark.binary.InsertDeleteBenchmark.treapInsertDelete:p0.50","sample",1,1,89.000000,NaN,"ns/op",10000
"chaos.tree.benchmark.binary.InsertDeleteBenchmark.treapInsertDelete:p0.90","sample",1,1,101.000000,NaN,"ns/op",10000
"chaos.tree.benchmark.binary.InsertDeleteBenchmark.treapInsertDelete:p0.95","sample",1,1,106.000000,NaN,"ns/op",10000
"chaos.tree.benchmark.binary.InsertDeleteBenchmark.treapInsertDelete:p0.99","sample",1,1,126.000000,NaN,"ns/op",10000
"chaos.tree.benchmark.binary.InsertDeleteBenchmark.treapInsertDelete:p0.999","sample",1,1,398.000000,NaN,"ns/op",10000
"chaos.tree.benchmark.binary.InsertDeleteBenchmark.treapInsertDelete:p0.9999","sample",1,1,12898.944000,NaN,"ns/op",10000
"chaos.tree.benchmark.binary.InsertDeleteBenchmark.treapInsertDelete:p1.00","sample",1,1,113664.000000,NaN,"ns/op",10000
"chaos.tree.benchmark.binary.InsertDeleteBenchmark.treapInsertDelete:perf","sample",1,1,NaN,NaN,"---",10000
