benchmark_class,method,param_degree,param_size,score_ns_op,error_ns_op,cpu_atom/L1-dcache-loads/,cpu_atom/L1-dcache-stores/,cpu_atom/L1-icache-load-misses/,cpu_atom/LLC-load-misses/,cpu_atom/LLC-loads/,cpu_atom/LLC-store-misses/,cpu_atom/LLC-stores/,cpu_atom/branch-misses/,cpu_atom/branches/,cpu_atom/cycles/,cpu_atom/dTLB-load-misses/,cpu_atom/dTLB-loads/,cpu_atom/dTLB-store-misses/,cpu_atom/dTLB-stores/,cpu_atom/iTLB-load-misses/,cpu_atom/instructions/,cpu_core/L1-dcache-loads/,cpu_core/L1-dcache-stores/,cpu_core/L1-icache-load-misses/,cpu_core/LLC-load-misses/,cpu_core/LLC-loads/,cpu_core/LLC-store-misses/,cpu_core/LLC-stores/,cpu_core/branch-misses/,cpu_core/branches/,cpu_core/cycles/,cpu_core/dTLB-load-misses/,cpu_core/dTLB-loads/,cpu_core/dTLB-store-misses/,cpu_core/dTLB-stores/,cpu_core/iTLB-load-misses/,cpu_core/instructions/
ConcurrentBenchmark,bPlusTreeConcurrentInsert,4,1000,17692.604,11395.705,2733.405,1079.352,68.154,0.002,10.147,0.001,1.999,14.275,2307.522,5115.474,1.711,1819.388,0.070,919.322,21.919,9319.617,6595.580,2561.364,78.667,0.100,13.486,0.007,7.924,15.862,7154.950,10671.342,0.267,6618.070,0.070,2569.340,0.437,24260.960
ConcurrentBenchmark,bPlusTreeConcurrentInsert,4,50000,13406.402,4791.974,1759.807,752.017,102.133,0.003,13.817,0.013,3.294,17.273,2024.633,5110.328,3.450,1247.159,0.089,704.887,13.006,7195.449,6531.772,2443.164,70.061,0.560,18.923,0.012,6.844,19.623,7515.329,10606.027,0.716,6554.216,0.054,2448.782,0.366,24649.486
ConcurrentBenchmark,bPlusTreeConcurrentInsert,4,1000000,19224.233,5518.686,2451.041,1002.383,102.072,0.005,23.948,10⁻³,2.206,25.590,2333.647,6095.985,4.592,1719.678,0.093,775.570,15.803,8397.465,7800.779,2911.532,99.834,10.652,37.988,0.021,8.066,22.472,9869.087,13990.086,9.283,7955.652,0.082,2939.758,0.745,30691.434
ConcurrentBenchmark,bPlusTreeConcurrentInsert,4,5000000,21951.314,5064.506,5933.012,2192.248,65.727,0.031,39.112,0.124,6.218,26.876,5134.184,13706.748,15.378,4898.520,0.273,2029.123,43.977,20412.778,12040.048,4099.669,149.125,19.479,46.512,0.115,7.862,25.112,12618.169,18662.025,14.022,12251.325,0.103,4115.807,1.240,44517.959
ConcurrentBenchmark,bPlusTreeConcurrentInsert,32,1000,11974.131,1888.784,2632.278,1108.538,25.907,10⁻³,7.144,1.309,2.772,10.585,2446.780,5455.987,3.465,1769.039,0.140,878.366,18.407,8853.132,5714.525,2192.991,59.669,0.070,12.131,0.002,6.827,15.031,5998.832,9397.492,0.240,5743.787,0.055,2196.018,0.279,20725.380
ConcurrentBenchmark,bPlusTreeConcurrentInsert,32,50000,17846.235,16467.697,2219.800,902.790,83.965,0.003,12.961,0.331,3.662,18.866,1954.490,4482.345,2.758,1892.457,0.132,804.858,15.108,7617.555,6077.047,2301.456,80.208,0.199,15.303,0.007,6.684,18.149,6704.319,9883.842,0.455,6153.775,0.043,2313.040,0.469,22570.768
ConcurrentBenchmark,bPlusTreeConcurrentInsert,32,1000000,16384.192,1204.870,3785.649,1497.898,56.576,0.009,23.914,10⁻⁴,3.246,20.693,3698.326,8491.523,4.097,2829.476,0.079,1319.593,31.667,13944.403,8005.608,3019.046,123.581,7.656,34.501,0.003,7.996,23.341,10135.588,13237.621,5.081,8033.046,0.077,3014.082,0.822,31532.938
ConcurrentBenchmark,bPlusTreeConcurrentInsert,32,5000000,19182.031,2930.841,6208.866,2268.103,50.545,0.049,34.711,0.058,7.646,25.659,5746.151,12633.153,9.666,5140.614,0.235,1992.511,40.544,21180.015,11589.803,4069.353,135.489,17.846,47.596,0.078,8.640,28.263,12747.937,18191.315,10.925,11674.916,0.099,4086.826,0.989,43373.517
ConcurrentBenchmark,bPlusTreeConcurrentInsert,128,1000,10644.457,1427.468,1895.210,802.899,88.380,0.002,10.680,0.353,3.061,20.016,1640.439,4944.624,3.497,1031.959,0.164,578.928,13.628,6491.163,5717.362,2191.669,51.991,0.078,12.095,0.012,7.003,14.976,5982.957,9457.700,0.151,5713.821,0.045,2192.426,0.233,20709.850
ConcurrentBenchmark,bPlusTreeConcurrentInsert,128,50000,15272.716,5181.869,3123.741,1268.598,59.052,0.003,13.131,0.602,2.241,17.869,2774.645,6714.510,3.159,2570.999,0.103,1165.596,33.226,10418.258,6957.470,2685.962,120.417,0.259,18.248,0.008,7.245,19.126,7962.741,11002.473,0.552,7037.376,0.061,2703.627,0.529,26307.224
ConcurrentBenchmark,bPlusTreeConcurrentInsert,128,1000000,19856.954,12263.030,2243.201,915.477,50.382,0.010,15.597,10⁻⁵,1.870,21.104,2043.698,6413.374,2.632,1476.691,0.109,737.863,18.805,7940.722,7027.392,2624.912,108.872,7.802,31.425,0.062,7.381,21.563,8701.335,12041.135,3.435,7034.297,0.070,2614.574,0.469,27432.560
ConcurrentBenchmark,bPlusTreeConcurrentInsert,128,5000000,18530.965,1380.410,4697.019,1781.390,104.572,0.042,32.740,0.005,4.636,23.914,4046.901,10618.856,8.914,3884.725,0.342,1742.623,45.992,16103.927,9834.445,3561.347,227.897,15.941,42.177,0.135,6.454,23.930,8557.513,14998.544,8.416,9868.842,0.082,3582.615,1.678,34013.621
ConcurrentBenchmark,bPlusTreeConcurrentMixed,4,1000,8091.364,856.767,2717.334,1121.758,72.005,10⁻⁵,9.586,0.013,5.430,13.371,2730.279,7128.348,2.084,2712.683,0.086,1116.200,31.887,9820.140,4307.274,1698.673,140.781,0.050,12.260,0.033,6.762,14.208,5183.437,8881.341,0.264,4412.435,0.038,1707.598,1.709,16724.172
ConcurrentBenchmark,bPlusTreeConcurrentMixed,4,50000,9673.187,1662.578,3166.777,1284.177,79.610,0.001,19.413,0.005,6.274,18.143,3162.439,8492.955,3.755,3125.402,0.063,1251.063,39.917,11510.971,4758.019,1812.349,157.583,0.774,22.722,0.028,7.735,18.909,6341.217,10532.570,2.820,4878.642,0.055,1823.463,2.144,19356.755
ConcurrentBenchmark,bPlusTreeConcurrentMixed,4,1000000,15501.273,8538.125,3520.640,1324.046,33.912,0.007,31.691,0.004,5.583,21.162,4066.032,9531.210,9.228,3314.597,0.101,1264.812,25.203,13171.579,5489.265,2016.614,110.967,12.036,39.319,0.017,7.222,22.284,7601.776,12051.553,12.681,5531.766,0.084,2007.157,1.392,22608.036
ConcurrentBenchmark,bPlusTreeConcurrentMixed,4,5000000,15369.147,2533.810,4255.408,1444.921,25.383,0.012,32.241,0.301,4.600,26.299,5228.669,11262.827,12.007,3980.576,0.113,1431.810,15.882,17324.299,8072.412,2662.314,69.406,21.073,50.043,0.163,6.094,31.478,10311.508,15272.454,18.200,8023.327,0.141,2654.299,0.619,32442.507
ConcurrentBenchmark,bPlusTreeConcurrentMixed,32,1000,9664.673,5776.121,2085.807,802.828,37.209,10⁻⁴,8.403,0.014,3.703,9.927,2690.138,5536.925,1.738,2023.696,0.114,817.395,17.037,8453.173,3885.659,1478.710,92.869,0.031,8.720,0.005,5.128,11.666,4791.164,6790.243,0.184,3967.865,0.036,1486.172,1.610,15209.329
ConcurrentBenchmark,bPlusTreeConcurrentMixed,32,50000,8662.476,1836.929,2752.626,1132.287,71.685,10⁻⁴,13.961,0.031,4.965,15.608,2711.912,7243.230,3.305,2684.037,0.140,1088.327,35.514,9940.306,4205.487,1629.401,144.223,0.172,17.343,0.010,6.831,17.783,5204.809,9054.775,1.042,4296.581,0.043,1631.733,1.819,16621.188
ConcurrentBenchmark,bPlusTreeConcurrentMixed,32,1000000,10957.741,1491.917,2100.550,931.610,129.477,0.003,18.843,0.019,6.674,14.246,2461.047,7042.641,3.118,2170.676,0.066,929.262,26.325,8784.232,4754.365,1800.838,161.844,8.169,36.719,0.014,8.041,22.635,6095.217,11066.357,7.570,4821.399,0.071,1806.369,1.497,19094.499
ConcurrentBenchmark,bPlusTreeConcurrentMixed,32,5000000,12998.978,2580.608,2570.976,1038.229,114.399,0.006,18.601,0.233,5.140,16.443,2644.787,7204.971,4.568,2592.026,0.099,1044.952,19.968,9969.813,5856.664,2038.601,104.243,18.732,50.288,0.064,7.135,27.078,7103.944,12504.591,16.704,5851.546,0.083,2030.856,1.188,22987.036
ConcurrentBenchmark,bPlusTreeConcurrentMixed,128,1000,7308.995,538.528,2746.551,1133.207,72.360,10⁻⁴,10.014,0.008,6.572,14.178,2713.160,7161.409,1.937,2652.293,0.097,1109.845,35.614,9867.429,3988.029,1557.262,135.418,0.063,12.865,0.008,7.243,14.531,4905.915,8940.347,0.223,4069.455,0.042,1561.100,1.703,15676.771
ConcurrentBenchmark,bPlusTreeConcurrentMixed,128,50000,8029.281,1044.544,2721.729,1101.576,71.406,0.002,17.140,0.067,6.426,17.651,2739.859,7448.159,3.990,2510.625,0.091,1065.734,31.972,10017.370,4046.301,1569.996,142.928,0.113,19.848,0.006,7.521,17.691,4977.410,9202.968,0.875,4132.423,0.043,1579.524,1.679,15994.770
ConcurrentBenchmark,bPlusTreeConcurrentMixed,128,1000000,12862.464,4264.377,3535.426,1364.862,57.147,0.020,27.323,0.046,6.661,21.992,4260.454,9713.643,5.268,3376.944,0.060,1322.895,31.165,13818.206,5408.276,2040.405,146.180,9.398,35.105,0.018,8.021,22.671,7505.041,11493.384,6.370,5475.549,0.068,2043.741,2.124,22460.121
ConcurrentBenchmark,bPlusTreeConcurrentMixed,128,5000000,13133.526,3104.210,3539.726,1266.139,30.733,0.025,36.617,0.001,5.615,23.808,4539.030,10321.777,12.656,3475.614,0.064,1282.042,21.091,14242.676,5747.482,2022.558,110.229,19.870,52.215,0.063,7.161,26.093,7369.181,12293.768,16.536,5812.983,0.087,2031.072,1.577,23150.712
ConcurrentBenchmark,bPlusTreeConcurrentSearch,4,1000,1294.297,92.484,453.689,157.444,4.003,10⁻⁴,2.934,0.010,0.918,3.000,821.954,1588.105,0.085,443.544,0.004,156.234,0.539,2160.670,600.185,205.243,5.147,0.005,2.460,0.004,1.411,5.345,958.729,1851.112,0.028,607.120,0.004,205.850,0.090,2711.728
ConcurrentBenchmark,bPlusTreeConcurrentSearch,4,50000,2629.343,376.560,474.967,189.134,12.474,10⁻⁴,3.946,10⁻⁵,1.085,2.380,835.589,1630.296,0.355,455.453,0.008,184.265,2.166,2261.267,610.992,225.949,15.762,0.065,7.772,0.006,1.405,10.610,804.579,2060.439,0.420,628.762,0.008,227.241,0.289,2627.639
ConcurrentBenchmark,bPlusTreeConcurrentSearch,4,1000000,7519.917,2235.128,549.082,262.103,35.442,0.001,9.919,10⁻⁴,1.863,6.707,694.938,2317.637,2.411,523.098,0.016,258.870,4.810,2396.187,759.124,301.636,37.405,9.234,27.577,0.003,1.732,13.166,905.230,3941.231,9.903,793.332,0.035,306.501,0.625,3218.818
ConcurrentBenchmark,bPlusTreeConcurrentSearch,4,5000000,10701.587,1909.301,782.566,392.532,53.959,0.005,15.834,0.005,2.884,8.790,838.513,3507.112,3.934,738.201,0.021,367.973,8.403,3345.545,1818.152,616.942,53.830,17.576,37.685,0.191,2.324,14.978,1600.461,6157.793,14.494,1919.097,0.140,627.582,0.627,6719.464
ConcurrentBenchmark,bPlusTreeConcurrentSearch,32,1000,1360.855,211.888,285.087,99.257,3.769,10⁻⁵,2.624,0.007,0.687,2.674,516.206,1260.466,0.078,278.264,0.003,96.646,0.340,1387.603,404.621,137.332,3.616,0.003,2.240,10⁻⁴,1.254,4.996,672.639,1537.839,0.016,408.031,0.003,137.358,0.052,1901.009
ConcurrentBenchmark,bPlusTreeConcurrentSearch,32,50000,1769.238,97.587,476.501,169.325,6.979,10⁻⁴,4.888,0.002,1.285,5.228,841.922,1956.498,0.246,476.643,0.005,168.353,1.244,2288.089,706.214,238.511,10.531,0.013,4.999,0.002,1.862,9.294,1186.872,2323.185,0.078,718.961,0.005,239.015,0.204,3339.546
ConcurrentBenchmark,bPlusTreeConcurrentSearch,32,1000000,5082.434,3252.711,508.886,197.456,15.272,0.005,16.388,0.004,1.386,11.027,707.582,2604.344,2.847,502.502,0.010,196.517,3.150,2319.746,751.777,275.203,27.395,4.038,20.905,0.001,1.940,12.917,1159.636,3116.656,3.964,782.609,0.021,278.519,0.503,3505.552
ConcurrentBenchmark,bPlusTreeConcurrentSearch,32,5000000,7891.423,2088.581,563.580,246.474,26.138,0.018,27.788,0.002,1.657,13.805,625.019,3533.699,7.064,571.051,0.023,238.560,4.260,2461.372,1262.736,448.208,47.654,15.341,34.668,0.032,2.054,14.457,1163.565,4586.361,10.437,1311.322,0.033,447.619,0.809,4762.131
ConcurrentBenchmark,bPlusTreeConcurrentSearch,128,1000,1287.098,267.424,299.560,103.627,3.456,10⁻⁵,2.244,10⁻⁴,1.163,4.838,460.261,1362.495,0.063,301.668,0.003,103.328,0.483,1372.455,417.459,142.335,4.039,0.011,2.386,0.002,1.278,4.775,703.597,1632.128,0.019,422.048,0.004,143.127,0.063,1970.194
ConcurrentBenchmark,bPlusTreeConcurrentSearch,128,50000,1684.607,48.237,356.025,124.016,7.538,10⁻⁴,5.720,0.004,2.173,9.010,459.134,1805.909,0.270,366.409,0.005,127.216,1.249,1565.373,461.817,162.597,12.857,0.014,6.092,0.001,2.060,8.457,663.238,2134.362,0.083,470.796,0.005,162.933,0.199,2082.161
ConcurrentBenchmark,bPlusTreeConcurrentSearch,128,1000000,4254.285,1702.640,891.712,338.650,17.911,0.003,7.267,10⁻⁵,1.296,4.007,1680.908,2963.438,0.757,856.059,0.012,329.399,3.331,4389.111,1115.012,378.356,16.772,5.846,20.680,0.001,2.389,14.069,2008.792,3907.612,3.622,1132.640,0.020,378.323,0.328,5442.212
ConcurrentBenchmark,bPlusTreeConcurrentSearch,128,5000000,8512.350,3998.789,511.880,216.270,25.109,0.029,26.499,10⁻⁴,1.658,15.459,561.880,3339.585,6.872,455.753,0.021,203.724,3.976,2164.850,1064.638,384.860,45.341,14.918,37.103,0.005,2.090,15.567,1056.755,4351.827,11.377,1134.552,0.034,393.541,0.677,4195.289
ConcurrentBenchmark,bTreeConcurrentInsert,4,1000,13239.726,5092.122,2236.290,953.032,62.519,0.001,6.835,0.409,4.754,12.931,1686.141,4731.513,3.065,1601.950,0.190,769.580,13.176,7088.838,5454.310,2110.817,57.127,0.066,11.403,0.017,6.466,14.621,5493.443,8945.959,0.297,5473.486,0.094,2117.360,0.330,19419.499
ConcurrentBenchmark,bTreeConcurrentInsert,4,50000,15039.903,3091.582,2666.050,1053.979,49.982,0.003,9.524,0.633,6.167,12.851,2411.672,5511.366,3.317,1761.339,0.156,899.049,19.472,8779.071,6095.952,2365.776,58.906,0.214,14.923,0.009,6.847,18.452,6676.160,10084.912,0.546,6120.897,0.086,2369.134,0.326,22514.119
ConcurrentBenchmark,bTreeConcurrentInsert,4,1000000,21125.221,13067.817,1851.239,793.915,83.268,0.003,12.888,0.003,4.834,12.344,2194.552,5519.488,3.720,1749.572,0.103,881.650,14.778,7715.512,6988.394,2639.620,83.820,4.525,21.006,0.009,7.005,21.401,8280.767,12280.261,3.055,7041.286,0.089,2637.667,0.414,26639.484
ConcurrentBenchmark,bTreeConcurrentInsert,4,5000000,19340.252,8229.703,4273.466,1723.940,103.365,0.018,22.107,0.019,4.238,24.999,2746.768,8669.288,5.848,3443.137,0.279,1525.661,38.709,12951.467,8159.885,2990.450,264.686,7.785,21.823,0.209,4.283,19.873,5402.840,12764.320,4.548,8047.752,0.080,2997.924,1.978,26481.852
ConcurrentBenchmark,bTreeConcurrentInsert,32,1000,10611.494,5464.416,2584.302,1014.044,36.588,0.001,6.805,0.001,3.145,10.785,2240.019,4323.419,1.637,1980.588,0.125,889.788,3.956,8840.463,4794.556,1816.282,24.497,0.044,8.073,0.044,4.083,10.091,4572.972,6950.081,0.278,4834.092,0.070,1822.275,0.295,16653.543
ConcurrentBenchmark,bTreeConcurrentInsert,32,50000,13776.149,9602.643,2143.038,931.588,42.294,0.002,9.377,0.041,3.178,13.399,1885.740,4550.488,2.498,1599.119,0.108,786.282,14.318,7448.294,5683.919,2218.876,66.376,0.194,14.714,0.002,6.299,17.813,6043.156,9484.985,0.465,5730.970,0.060,2225.328,0.426,20762.466
ConcurrentBenchmark,bTreeConcurrentInsert,32,1000000,14668.049,6121.591,1694.125,777.642,83.676,0.002,12.099,10⁻⁴,1.949,14.522,1712.941,4832.710,1.539,1374.936,0.046,651.675,12.694,6515.961,6228.469,2431.786,111.951,4.011,21.812,0.002,6.024,19.965,6979.070,10356.103,2.233,6297.671,0.067,2436.466,0.572,23388.236
ConcurrentBenchmark,bTreeConcurrentInsert,32,5000000,18053.580,3364.668,3614.501,1502.226,130.970,0.074,21.150,0.434,9.158,22.336,3329.874,9052.989,6.169,3675.283,0.278,1437.505,19.543,12965.127,10331.168,3626.658,91.915,8.761,28.691,0.095,7.659,26.188,10532.075,16004.693,3.302,10322.876,0.088,3621.994,0.465,37515.300
ConcurrentBenchmark,bTreeConcurrentInsert,128,1000,11789.735,3791.908,3089.921,1272.203,40.006,0.001,7.117,0.299,6.222,11.277,2487.004,5332.266,2.396,2507.166,0.148,1158.551,17.445,10444.181,5174.394,2023.753,93.865,0.097,9.589,0.011,5.068,13.140,4911.649,8031.616,0.330,5276.430,0.079,2046.163,0.704,18029.631
ConcurrentBenchmark,bTreeConcurrentInsert,128,50000,12204.452,3572.950,2089.337,838.193,66.605,0.002,12.938,0.006,1.797,17.722,1884.078,4618.839,1.385,1885.385,0.101,747.910,11.411,7719.773,5745.383,2175.907,76.291,0.206,17.045,0.005,6.575,17.950,6241.627,9627.868,0.465,5789.432,0.068,2192.705,0.509,21104.650
ConcurrentBenchmark,bTreeConcurrentInsert,128,1000000,23031.206,19796.392,1933.921,828.689,86.484,0.012,16.460,0.438,4.942,12.058,1613.468,4286.373,3.133,1326.518,0.100,666.220,13.099,6460.017,6573.566,2454.666,101.162,7.963,26.612,0.007,7.155,21.998,7989.536,11506.384,1.832,6657.521,0.053,2465.435,0.457,25384.797
ConcurrentBenchmark,bTreeConcurrentInsert,128,5000000,15738.635,940.998,3993.587,1496.051,97.408,0.105,27.570,0.167,3.942,26.172,3580.117,8256.548,5.033,2725.262,0.197,1230.256,21.784,13360.009,10035.114,3456.975,70.676,12.121,37.745,0.043,8.473,26.327,10743.953,16030.491,2.808,9979.608,0.077,3455.428,0.352,36938.603
ConcurrentBenchmark,bTreeConcurrentMixed,4,1000,6524.144,675.469,1356.239,619.371,86.329,10⁻⁵,9.094,10⁻⁵,5.029,7.313,1564.440,4619.469,0.917,1255.346,0.046,588.200,18.761,5424.402,3801.497,1466.729,98.672,0.048,9.860,0.007,5.800,13.220,4235.861,7375.802,0.206,3860.484,0.062,1470.048,1.051,14181.108
ConcurrentBenchmark,bTreeConcurrentMixed,4,50000,11032.135,3221.276,2149.654,862.101,32.258,10⁻³,9.427,10⁻⁴,2.165,13.395,1960.210,4786.630,2.364,1962.179,0.089,816.524,17.814,7506.427,3268.869,1271.889,94.735,0.225,9.391,0.011,3.081,12.793,3318.508,5438.926,0.999,3405.252,0.047,1293.794,1.260,11870.002
ConcurrentBenchmark,bTreeConcurrentMixed,4,1000000,14614.175,3404.698,2306.628,918.815,50.421,0.004,17.143,0.012,2.541,19.361,1804.940,5834.208,6.035,2076.473,0.093,851.474,20.456,7646.118,3348.920,1335.698,159.632,6.381,19.827,0.025,3.305,17.217,3065.113,7230.550,6.283,3551.111,0.062,1368.570,1.811,11866.399
ConcurrentBenchmark,bTreeConcurrentMixed,4,5000000,13738.673,1926.638,3476.996,1283.423,34.674,0.005,26.190,0.134,4.242,28.664,3952.731,9319.678,10.632,3272.840,0.101,1209.514,15.368,13194.395,7035.393,2367.627,81.023,11.895,33.035,0.183,5.588,27.713,8590.229,12892.991,11.254,7000.622,0.117,2362.120,1.052,27770.891
ConcurrentBenchmark,bTreeConcurrentMixed,32,1000,6575.462,766.760,2532.625,985.217,20.429,10⁻⁴,4.195,0.001,2.578,10.660,2315.604,4477.828,0.558,2388.510,0.066,950.460,6.966,8832.323,3314.362,1228.799,44.773,0.036,5.981,0.003,3.486,9.244,4148.977,5216.641,0.179,3378.989,0.049,1232.406,0.997,12974.953
ConcurrentBenchmark,bTreeConcurrentMixed,32,50000,12266.185,4443.078,1541.603,625.293,47.366,10⁻⁴,9.497,0.005,2.833,5.894,2409.362,4682.591,1.132,1511.126,0.055,617.091,11.572,6866.939,3778.413,1460.003,83.826,0.187,11.810,0.016,4.822,15.182,4347.967,6597.808,0.603,3846.129,0.050,1463.106,0.876,14384.534
ConcurrentBenchmark,bTreeConcurrentMixed,32,1000000,13677.019,6178.482,2564.764,1020.536,36.688,0.009,18.963,0.085,2.727,19.769,2154.039,6300.745,4.438,2164.053,0.090,958.115,24.176,8781.282,3343.617,1349.792,146.526,5.772,19.680,0.024,3.262,16.382,3533.754,6980.641,3.960,3455.374,0.053,1354.827,1.675,12504.597
ConcurrentBenchmark,bTreeConcurrentMixed,32,5000000,15443.112,2540.585,2529.728,990.612,68.213,0.009,15.062,0.402,3.918,14.609,3168.979,6877.957,3.979,2470.642,0.068,993.047,17.701,10485.205,5589.590,1986.100,91.940,13.998,33.947,0.036,4.704,24.655,6517.979,10649.207,10.487,5653.878,0.086,1984.027,1.118,21581.247
ConcurrentBenchmark,bTreeConcurrentMixed,128,1000,8348.462,4187.962,2336.919,923.187,39.253,10⁻³,8.002,0.006,3.677,10.497,2610.583,5648.710,1.428,2070.349,0.071,876.890,16.727,8671.214,3688.910,1413.029,87.991,0.061,9.182,0.006,5.283,11.475,4508.278,6900.850,0.187,3741.381,0.047,1408.862,1.169,14334.779
ConcurrentBenchmark,bTreeConcurrentMixed,128,50000,10869.508,1366.327,2465.329,954.976,42.927,0.002,13.283,10⁻⁵,4.271,12.943,2904.030,6167.462,1.985,2321.812,0.067,931.005,18.089,9504.729,4093.128,1532.536,94.913,0.079,16.088,0.005,5.696,15.661,5308.639,7590.034,0.668,4157.830,0.046,1541.882,1.606,16359.437
ConcurrentBenchmark,bTreeConcurrentMixed,128,1000000,16079.724,6880.491,2484.680,937.183,43.184,0.013,20.838,0.022,2.877,18.801,2583.972,6249.905,3.634,2228.332,0.083,908.707,17.183,9178.702,4035.171,1525.374,111.647,8.032,25.973,0.016,4.708,18.580,5007.076,7870.449,3.413,4088.370,0.060,1524.241,1.337,15907.036
ConcurrentBenchmark,bTreeConcurrentMixed,128,5000000,13606.946,2960.570,2873.109,1081.817,48.043,0.017,30.864,0.035,3.292,25.953,2607.782,8037.304,10.102,2713.068,0.157,1053.166,22.045,10353.792,4645.769,1653.989,143.779,15.034,36.556,0.077,3.613,22.080,4130.924,9101.483,9.809,4795.151,0.070,1661.859,1.693,16334.019
ConcurrentBenchmark,bTreeConcurrentSearch,4,1000,1277.707,224.084,295.511,104.685,4.129,10⁻⁴,2.773,10⁻⁴,0.849,2.908,494.956,1363.133,0.108,289.885,0.004,104.395,0.563,1376.489,448.999,156.191,5.251,0.005,2.356,0.001,1.375,4.903,683.758,1622.892,0.017,452.185,0.003,156.038,0.085,2004.836
ConcurrentBenchmark,bTreeConcurrentSearch,4,50000,2218.031,944.512,501.336,174.960,5.515,10⁻⁵,5.351,0.016,1.432,11.295,585.675,1834.878,0.540,473.304,0.007,170.203,0.926,2025.617,791.541,276.828,11.468,0.020,4.556,0.002,1.384,8.273,1314.777,2126.156,0.165,808.707,0.007,278.942,0.172,3665.510
ConcurrentBenchmark,bTreeConcurrentSearch,4,1000000,5401.190,712.594,631.184,278.880,28.002,0.003,7.055,0.017,2.101,5.963,894.679,2513.413,1.179,613.075,0.016,268.691,5.358,2836.660,696.616,265.290,31.662,4.079,11.090,0.002,1.311,12.787,808.948,3209.976,2.930,722.713,0.014,267.612,0.356,2884.365
ConcurrentBenchmark,bTreeConcurrentSearch,4,5000000,8745.399,3716.684,553.319,221.739,27.359,0.009,14.724,0.014,1.608,12.631,617.969,3197.662,3.914,539.933,0.025,228.357,2.806,2335.828,784.519,321.288,52.947,6.602,14.587,0.052,1.690,13.399,888.704,3955.740,4.041,820.841,0.042,319.599,0.593,3247.556
ConcurrentBenchmark,bTreeConcurrentSearch,32,1000,1153.056,107.334,297.548,98.025,3.560,10⁻⁵,1.869,0.003,1.849,7.113,373.754,1347.859,0.076,295.182,0.003,97.300,0.608,1284.412,371.887,127.510,5.462,0.002,2.603,0.001,1.310,4.703,610.209,1604.882,0.013,375.896,0.003,127.414,0.095,1735.099
ConcurrentBenchmark,bTreeConcurrentSearch,32,50000,1684.980,199.748,342.052,139.404,11.524,10⁻⁴,3.929,0.018,1.154,1.803,601.033,1542.015,0.174,334.869,0.009,135.246,2.243,1641.387,565.252,186.750,9.456,0.016,5.000,0.001,1.810,10.935,904.700,2078.468,0.075,573.709,0.005,187.333,0.151,2642.573
ConcurrentBenchmark,bTreeConcurrentSearch,32,1000000,5196.885,4662.017,411.607,149.609,13.310,0.004,13.077,0.055,1.432,13.935,516.989,2341.420,1.924,367.054,0.016,139.825,1.715,1819.308,562.559,213.362,32.303,2.781,11.279,0.002,1.252,11.443,759.013,2527.409,1.834,590.080,0.012,215.998,0.466,2535.844
ConcurrentBenchmark,bTreeConcurrentSearch,32,5000000,6004.568,611.550,544.401,222.416,25.455,0.013,16.503,10⁻⁵,1.580,13.510,578.094,3103.491,2.474,507.826,0.022,213.654,3.739,2280.677,1071.467,370.851,43.057,7.157,15.865,0.025,1.353,13.452,880.809,3748.157,2.899,1084.418,0.015,368.256,0.427,3923.056
ConcurrentBenchmark,bTreeConcurrentSearch,128,1000,1270.388,362.744,297.027,97.442,3.557,10⁻⁴,2.015,10⁻⁴,1.576,6.399,398.842,1382.240,0.083,293.553,0.003,96.260,0.513,1311.923,376.053,126.967,4.529,0.002,2.507,0.001,1.288,4.623,618.790,1649.884,0.011,381.006,0.003,127.830,0.077,1760.657
ConcurrentBenchmark,bTreeConcurrentSearch,128,50000,1693.347,228.300,406.993,125.962,5.825,10⁻⁴,4.977,0.001,1.804,14.552,453.524,1795.682,0.242,382.042,0.006,121.819,0.845,1765.990,543.603,188.606,12.572,0.008,5.736,0.001,1.739,8.074,887.245,2063.053,0.077,555.271,0.005,189.443,0.217,2551.968
ConcurrentBenchmark,bTreeConcurrentSearch,128,1000000,3432.564,369.862,613.232,202.064,11.036,0.013,17.644,0.001,1.646,14.959,945.219,2978.771,2.076,548.801,0.015,194.170,1.382,2859.789,1258.775,424.900,20.376,3.846,14.656,0.005,1.891,12.943,2348.813,3580.398,1.601,1282.834,0.011,424.438,0.363,6170.925
ConcurrentBenchmark,bTreeConcurrentSearch,128,5000000,6826.937,3148.609,517.097,207.840,25.244,0.027,21.550,0.004,1.382,14.319,542.718,3113.787,2.581,496.746,0.019,191.972,2.772,2246.557,1022.591,360.696,44.988,10.211,22.346,0.008,1.488,13.422,929.704,3712.363,2.569,1081.695,0.017,363.410,0.465,3866.897
DegreeScalingBenchmark,bPlusTreeRandomRead,4,1000000,653.787,7.513,23.545,20.607,16.602,10⁻⁴,1.515,0.023,0.929,NaN,15.374,332.538,0.454,34.574,0.009,17.892,0.566,126.982,283.190,80.377,0.437,7.410,20.313,0.004,0.073,11.352,224.074,2259.547,6.884,283.335,0.009,80.423,0.016,1078.645
DegreeScalingBenchmark,bPlusTreeRandomRead,8,1000000,564.957,8.151,34.577,21.327,13.738,10⁻⁴,1.098,NaN,0.007,2.339,23.504,46.935,NaN,NaN,0.008,NaN,NaN,130.753,236.141,59.109,0.441,5.073,17.005,0.002,0.050,11.186,204.702,1969.821,5.311,236.676,0.008,59.089,0.010,950.237
DegreeScalingBenchmark,bPlusTreeRandomRead,16,1000000,532.143,5.729,32.989,20.431,11.752,10⁻⁴,1.238,,NaN,2.230,24.403,406.557,0.160,NaN,0.006,8.913,0.260,139.637,212.856,52.141,0.394,4.228,15.640,0.004,0.042,10.927,197.424,1855.402,4.399,213.205,0.008,51.958,0.011,897.893
DegreeScalingBenchmark,bPlusTreeRandomRead,32,1000000,518.977,5.858,36.098,19.921,12.142,10⁻⁴,1.241,0,,2.106,22.677,97.680,0.123,15.871,0.004,7.413,0.196,107.510,195.014,45.053,0.364,4.384,17.822,0.001,0.044,10.760,179.044,1806.287,4.774,195.334,0.007,45.000,0.009,843.440
DegreeScalingBenchmark,bPlusTreeRandomRead,64,1000000,528.534,6.775,19.782,10.736,4.708,0.001,0.439,,0.050,0.864,10.207,114.320,,,0.005,10.402,0.241,58.906,193.242,44.977,0.428,5.013,16.076,0.002,0.062,12.394,178.961,1844.276,4.215,193.666,0.008,45.001,0.014,838.407
DegreeScalingBenchmark,bPlusTreeRandomRead,100,1000000,507.500,4.317,51.704,29.419,21.586,10⁻⁴,1.847,,0.603,3.642,31.478,84.236,0.124,10.836,0.003,5.611,0.172,44.436,176.452,38.019,0.322,5.353,16.018,0.001,0.038,11.031,171.451,1766.825,3.263,176.687,0.007,37.932,0.007,796.834
DegreeScalingBenchmark,bPlusTreeRandomRead,128,1000000,522.015,42.466,27.338,15.816,11.115,10⁻³,1.086,,,1.882,14.068,78.458,,,0.002,,0.116,37.842,175.762,37.927,0.422,5.921,18.443,0.003,0.032,11.418,171.412,1809.753,4.070,176.085,0.007,37.863,0.017,796.098
DegreeScalingBenchmark,bPlusTreeRandomRead,200,1000000,515.523,4.651,28.272,17.368,10.167,10⁻³,0.832,,NaN,3.557,6.268,68.349,0.088,10.324,0.002,4.597,0.133,35.887,175.055,37.996,0.320,5.944,20.310,0.002,0.036,11.558,170.871,1798.550,3.789,175.158,0.006,37.981,0.009,793.911
DegreeScalingBenchmark,bPlusTreeRandomRead,512,1000000,511.782,18.963,31.140,21.323,14.899,10⁻⁴,1.253,,,1.843,18.232,85.577,0.107,,0.004,5.520,0.161,48.286,173.869,37.969,0.380,6.299,28.720,0.001,0.027,10.858,170.654,1792.981,5.300,174.318,0.008,38.047,0.010,793.272
DegreeScalingBenchmark,bPlusTreeRangeScan,4,1000000,508106.130,8125.843,193733.858,50625.032,19939.173,16.328,2196.984,179.501,2545.620,1791.531,71078.275,637229.917,486.225,114282.739,19.468,28604.408,1337.132,490450.041,1890462.870,365403.192,862.585,387.060,2580.529,5580.695,6325.153,16746.862,1093115.629,1933282.951,355.183,1891183.476,307.921,363891.358,21.862,5736799.399
DegreeScalingBenchmark,bPlusTreeRangeScan,8,1000000,412818.135,9791.774,165318.588,32081.128,15399.698,8.803,1795.081,19.686,455.901,2319.867,121846.273,905643.101,731.420,151150.334,29.589,39137.782,1437.246,758691.773,1764903.341,353452.115,832.173,348.366,2079.948,5453.726,6023.937,8489.836,1004357.870,1574554.728,61.833,1772349.291,306.804,354651.715,19.806,5378385.254
DegreeScalingBenchmark,bPlusTreeRangeScan,16,1000000,376097.565,8262.433,152434.044,36043.025,15270.679,11.501,1413.177,176.602,921.662,2587.926,104015.821,716191.525,625.362,109511.782,37.904,39415.276,1133.334,565429.811,1699288.582,349134.002,735.839,301.145,2126.773,5569.926,6196.654,4885.684,968492.472,1435415.617,57.247,1708294.383,307.319,350204.050,19.915,5231807.536
DegreeScalingBenchmark,bPlusTreeRangeScan,32,1000000,334197.179,8505.928,149216.770,39011.705,12963.765,13.178,1471.928,31.584,490.824,1977.140,92117.314,578705.520,347.358,49560.588,20.175,25654.045,915.081,453402.644,1374356.949,346723.881,659.253,265.586,2719.707,5661.259,6316.436,2166.934,947144.299,1277273.347,68.062,1372618.098,307.292,347633.464,20.001,4753015.748
DegreeScalingBenchmark,bPlusTreeRangeScan,64,1000000,329611.257,8322.627,75873.898,33148.693,14216.347,3.651,1313.633,22.224,1249.427,2152.628,47694.578,487066.889,274.904,42247.416,13.785,18916.537,826.358,265464.108,1350666.968,344033.552,562.235,265.292,3240.436,5852.222,6386.570,1247.317,935012.673,1256300.987,55.619,1357422.485,306.883,344878.436,13.421,4784215.973
DegreeScalingBenchmark,bPlusTreeRangeScan,100,1000000,324136.355,5204.037,132958.258,28548.497,12968.942,7.862,1413.722,218.863,911.292,1868.107,104902.203,724397.632,593.129,156390.135,20.965,32586.587,1097.827,614740.391,1354458.666,345613.356,696.877,275.451,3540.778,5552.542,6211.935,835.881,938640.062,1239733.464,62.697,1358009.583,307.698,346534.444,18.014,4708557.043
DegreeScalingBenchmark,bPlusTreeRangeScan,128,1000000,325115.575,7306.120,96938.264,23684.372,11444.533,10.486,1229.888,115.407,1026.579,1802.580,71855.352,551527.237,502.413,134854.147,24.596,30148.692,852.636,474351.786,1349737.755,344790.158,694.865,254.655,3451.312,5723.541,6331.348,686.834,935730.008,1241820.571,64.436,1351950.886,306.873,345248.240,18.157,4691415.828
DegreeScalingBenchmark,bPlusTreeRangeScan,200,1000000,316370.392,3734.966,132267.322,36765.314,13309.621,3.677,1319.119,16.341,335.171,2123.091,85193.513,669125.955,587.487,64905.864,19.083,33192.152,1257.440,455197.289,1343164.918,344286.300,647.850,255.643,2944.954,5799.123,6455.463,462.618,932000.268,1208989.170,61.163,1345993.272,306.951,344600.670,15.907,4771751.857
DegreeScalingBenchmark,bPlusTreeRangeScan,512,1000000,312585.410,2385.738,126669.484,27293.671,13460.174,2.079,1293.391,183.778,1385.933,1944.625,110638.215,661886.396,501.228,94606.260,25.883,31351.826,1087.511,567875.378,1345521.867,344527.586,629.305,245.506,2530.051,5672.494,6245.679,244.219,933308.619,1198701.596,70.534,1343714.513,306.481,344948.263,15.344,4685676.307
DegreeScalingBenchmark,bTreeRandomRead,4,1000000,616.867,7.549,40.716,26.452,15.480,10⁻⁴,1.442,0,1.259,0.926,15.087,200.575,0.198,14.430,0.012,13.096,0.502,96.210,275.432,79.902,0.598,4.739,12.722,0.003,0.041,11.130,217.350,2144.932,4.630,275.849,0.008,79.862,0.024,1049.258
DegreeScalingBenchmark,bTreeRandomRead,8,1000000,533.748,10.709,34.855,24.316,15.100,10⁻⁴,1.369,10⁻⁴,0.694,1.028,15.130,174.041,0.148,18.775,0.005,8.335,0.305,90.810,227.153,59.489,0.511,3.910,11.524,0.002,0.039,11.041,201.713,1858.793,3.823,227.834,0.008,59.345,0.019,930.301
DegreeScalingBenchmark,bTreeRandomRead,16,1000000,515.042,4.950,58.758,31.504,19.474,10⁻⁴,2.238,0.236,0.124,1.502,19.732,234.891,0.168,18.716,0.015,15.099,0.396,116.015,212.793,52.724,0.423,3.571,11.559,0.001,0.038,10.631,199.852,1801.087,3.400,212.782,0.007,52.715,0.021,901.685
DegreeScalingBenchmark,bTreeRandomRead,32,1000000,500.071,4.015,34.973,21.433,11.973,10⁻⁴,0.939,10⁻⁴,0.204,2.179,20.855,115.192,0.080,18.337,0.014,8.885,0.232,58.167,194.971,45.802,0.420,4.109,12.059,0.002,0.033,10.732,180.191,1743.650,2.831,195.162,0.006,45.707,0.018,840.125
DegreeScalingBenchmark,bTreeRandomRead,64,1000000,509.426,6.029,30.798,18.286,18.710,10⁻⁴,1.856,0,0.089,0.526,8.467,127.765,0.540,108.248,0.002,51.720,0.320,59.434,195.617,45.943,0.383,5.052,14.104,0.002,0.030,11.057,180.810,1775.611,2.998,195.395,0.007,46.037,0.012,842.791
DegreeScalingBenchmark,bTreeRandomRead,100,1000000,512.954,7.006,37.366,26.832,17.787,0.001,1.923,NaN,0.132,0.480,6.997,78.147,NaN,NaN,0.003,0.363,0.191,38.013,179.084,38.922,0.426,5.466,15.504,0.001,0.028,11.943,172.907,1787.253,2.742,179.076,0.007,38.871,0.011,799.895
DegreeScalingBenchmark,bTreeRandomRead,128,1000000,508.743,30.868,23.536,13.139,7.082,0,0.797,NaN,0.057,1.247,14.931,361.085,NaN,NaN,NaN,NaN,10⁻³,86.579,179.235,38.929,0.417,5.739,16.738,0.001,0.031,11.694,172.972,1766.389,2.574,179.472,0.007,38.777,0.011,799.750
DegreeScalingBenchmark,bTreeRandomRead,200,1000000,513.495,6.766,36.852,18.047,10.075,0,0.682,0,,2.623,32.690,718.262,1.071,64.817,0.006,19.972,0.621,180.742,178.742,38.880,0.385,6.026,19.550,0.003,0.033,12.181,172.624,1794.108,3.028,179.854,0.006,39.164,0.012,799.371
DegreeScalingBenchmark,bTreeRandomRead,512,1000000,516.832,32.471,14.642,6.995,2.519,10⁻⁴,0.752,0.141,0.604,0.739,9.317,69.108,0.111,11.041,0.006,6.745,0.133,35.000,179.208,38.946,0.428,6.391,28.007,0.001,0.030,11.676,172.526,1817.865,4.164,180.154,0.007,39.127,0.021,800.344
DegreeScalingBenchmark,bTreeRangeScan,4,1000000,739352.017,7978.175,253161.085,66366.998,25065.125,15.279,3018.721,269.658,1964.328,2031.191,127462.005,725829.025,709.574,232845.148,29.871,37724.439,1006.864,610039.222,2801100.703,957982.708,1055.942,628.058,6675.563,5571.517,6253.443,18657.410,1462055.753,2809023.007,789.300,2781365.944,310.642,954897.644,25.530,8364387.938
DegreeScalingBenchmark,bTreeRangeScan,8,1000000,548988.829,14094.486,72830.058,26199.290,6109.087,6.196,2185.825,208.981,2255.155,1413.583,110475.056,1090541.060,943.071,226517.688,36.823,49615.447,1651.069,860959.809,2516208.711,851071.581,880.841,386.394,4403.967,5654.027,6356.548,9196.349,1310700.686,2089775.635,75.603,2502266.920,306.936,845294.703,22.411,7497435.762
DegreeScalingBenchmark,bTreeRangeScan,16,1000000,521763.252,7135.034,250995.624,55963.667,19848.910,18.317,2014.055,353.479,2204.914,3198.224,168156.829,908675.477,476.912,150462.007,27.357,64286.403,1036.320,887605.776,2888112.463,1433967.094,902.912,310.709,2629.300,5522.366,6112.072,4809.463,1269945.869,1984609.255,162.008,2898179.921,371.366,1439993.978,18.693,8030924.088
DegreeScalingBenchmark,bTreeRangeScan,32,1000000,474221.727,9453.216,247618.651,62820.937,19422.546,20.136,2071.450,312.917,2033.865,2380.251,98430.099,560115.803,766.555,167522.041,32.672,46755.298,1088.606,471528.542,2602882.115,1133170.854,823.304,275.519,3214.204,5615.521,6289.303,2331.843,1163770.864,1805991.499,176.422,2596351.656,393.840,1131386.588,18.797,7296941.918
DegreeScalingBenchmark,bTreeRangeScan,64,1000000,368054.708,2157.403,150474.005,42612.892,16532.093,15.442,1614.671,62.725,938.686,2317.382,84355.711,628443.956,278.114,54918.415,25.412,18322.108,976.478,476041.458,1999158.563,371362.753,663.917,256.043,3230.865,5644.912,6266.583,1253.439,1154018.780,1406886.407,52.052,1983332.038,305.869,369273.161,17.576,6014478.357
DegreeScalingBenchmark,bTreeRangeScan,100,1000000,397851.639,3629.182,190232.810,38490.686,15934.574,21.400,1700.559,0.027,286.420,2602.988,125586.460,718882.360,406.137,73405.187,10.882,19480.711,1133.306,612704.902,1767424.538,446541.192,690.477,254.432,2843.010,5691.427,6287.895,833.102,1243197.714,1518810.483,61.955,1762258.489,306.224,445663.483,16.470,6212733.328
DegreeScalingBenchmark,bTreeRangeScan,128,1000000,363764.721,1876.918,205088.640,35828.938,10935.466,14.983,1398.541,212.065,1632.626,2060.626,129389.011,692396.794,510.701,136648.193,23.372,29460.213,994.457,690957.858,1944519.259,455308.302,653.478,261.892,3422.025,5589.812,6204.280,696.968,1139314.492,1389835.309,73.396,1949186.864,314.347,457194.449,17.714,5991798.704
DegreeScalingBenchmark,bTreeRangeScan,200,1000000,698126.899,7652.520,346333.301,119158.009,28312.800,17.986,3255.116,337.654,555.726,4553.545,185138.298,930095.632,820.282,229717.932,63.046,95510.092,1025.273,956459.756,2739078.093,1436727.004,1082.655,258.608,2373.430,5609.917,6221.342,490.270,1137111.508,2654761.023,57.946,2746779.307,308.125,1444114.546,17.762,7633444.520
DegreeScalingBenchmark,bTreeRangeScan,512,1000000,599736.368,5196.446,236804.800,71313.949,20928.156,21.318,2281.523,87.463,1312.034,3633.764,94630.948,281089.647,425.203,132629.159,16.765,35578.991,322.546,261953.651,3239384.807,1944348.844,954.997,249.845,2083.633,5671.419,6395.193,292.205,1134164.346,2281514.968,510.284,3260869.312,314.935,1948489.410,24.577,9297632.998
InsertDeleteBenchmark,bPlusTreeInsertDelete,4,1000,236.812,1.296,65.866,36.805,13.098,0.001,1.041,0.304,1.287,2.016,43.868,397.452,0.614,58.657,0.024,41.215,0.928,238.482,1206.304,492.221,0.480,0.012,0.114,0.020,0.050,0.031,891.421,898.725,0.006,1217.048,0.002,495.241,0.007,4615.156
InsertDeleteBenchmark,bPlusTreeInsertDelete,4,50000,212.282,1.768,41.459,19.380,4.864,10⁻⁵,0.390,0.113,0.476,1.382,25.967,282.218,0.405,40.474,0.011,21.483,0.576,144.601,960.074,279.723,0.238,0.006,0.063,0.019,0.040,0.864,741.050,802.690,0.008,957.631,0.002,277.796,0.004,3573.928
InsertDeleteBenchmark,bPlusTreeInsertDelete,4,1000000,250.686,2.709,26.595,23.369,9.408,10⁻⁴,0.759,0,0.700,1.246,13.795,205.267,0.333,24.408,0.007,14.757,0.636,68.843,1121.404,288.294,0.351,0.013,0.078,0.010,0.037,0.599,879.698,948.025,0.003,1125.195,0.001,289.046,0.003,4334.805
InsertDeleteBenchmark,bPlusTreeInsertDelete,4,5000000,441.267,5.862,50.127,28.108,9.245,0.001,1.201,0.022,0.080,0.841,30.607,286.825,0.606,32.173,0.028,19.745,0.448,178.472,1992.806,705.537,0.516,0.011,0.143,0.035,0.094,0.831,1549.187,1670.402,0.012,1989.914,0.004,702.343,0.008,7575.568
InsertDeleteBenchmark,bPlusTreeInsertDelete,32,1000,52.300,1.026,11.111,4.420,1.988,10⁻⁴,0.158,0.018,0.021,0.328,10.726,49.167,0.040,12.059,0.002,4.763,0.086,61.334,239.605,46.191,0.057,0.002,0.012,0.001,0.003,0.003,221.695,197.764,0.001,240.699,10⁻⁴,46.396,10⁻³,1058.253
InsertDeleteBenchmark,bPlusTreeInsertDelete,32,50000,85.125,1.378,6.392,3.155,1.199,10⁻⁴,0.119,0,10⁻⁵,0.163,5.022,38.523,0.039,2.965,0.002,1.978,0.060,25.853,318.963,45.154,0.076,0.002,0.012,0.001,0.003,0.006,342.732,321.765,0.001,320.494,10⁻³,45.319,0.001,1529.014
InsertDeleteBenchmark,bPlusTreeInsertDelete,32,1000000,223.691,0.755,50.004,32.724,10.521,0.001,0.977,0.023,0.908,1.203,21.709,171.086,0.161,27.808,0.008,15.036,0.338,116.512,948.131,354.996,0.407,0.014,0.139,0.353,0.864,0.027,855.023,850.580,0.019,939.830,0.003,353.169,0.008,3951.267
InsertDeleteBenchmark,bPlusTreeInsertDelete,32,5000000,237.693,2.662,44.372,25.453,8.609,0.001,0.996,0.076,1.155,1.314,24.563,323.528,0.394,48.051,0.013,25.566,0.427,138.783,996.390,356.664,0.359,0.010,0.130,0.342,0.729,0.027,899.416,902.664,0.017,992.157,0.004,353.840,0.010,4143.475
InsertDeleteBenchmark,bPlusTreeInsertDelete,128,1000,51.442,1.012,15.131,5.018,1.641,10⁻⁴,0.143,0.021,0.062,0.153,8.007,42.813,0.042,3.693,0.001,2.697,0.082,41.683,215.646,38.183,0.056,0.002,0.012,0.001,0.003,0.003,221.558,194.344,0.001,216.177,10⁻⁴,38.231,0.001,1062.127
InsertDeleteBenchmark,bPlusTreeInsertDelete,128,50000,86.645,0.942,10.405,5.971,3.178,10⁻⁴,0.249,0.175,,0.532,6.837,45.303,0.060,7.639,0.002,3.664,0.102,38.855,313.096,48.293,0.066,0.002,0.011,0.001,0.003,0.005,339.754,327.660,0.001,312.689,0.001,48.182,0.001,1545.907
InsertDeleteBenchmark,bPlusTreeInsertDelete,128,1000000,101.842,0.560,NaN,NaN,6.397,0,0.694,0.025,0.211,0.045,1.198,41.621,0.146,11.400,0.003,5.787,0.109,31.716,352.304,48.237,0.087,0.002,0.013,0.002,0.004,0.007,399.045,385.360,0.001,353.680,0.001,48.277,0.001,1787.752
InsertDeleteBenchmark,bPlusTreeInsertDelete,128,5000000,116.566,0.646,74.809,25.794,2.890,0.001,0.473,10⁻⁵,0.102,0.649,40.581,106.659,0.163,62.278,0.004,21.022,0.100,217.042,505.568,83.241,0.132,0.025,0.047,0.006,0.013,0.163,505.941,555.180,0.008,507.868,0.001,83.790,0.001,2365.863
InsertDeleteBenchmark,bTreeInsertDelete,4,1000,72.172,0.287,18.688,9.787,3.562,10⁻⁴,0.327,0.028,0.362,0.350,10.542,39.993,0.113,14.043,0.003,6.893,0.100,43.393,341.225,95.801,0.108,0.004,0.035,0.010,0.022,0.008,292.473,273.631,0.004,339.660,0.001,95.390,0.002,1373.915
InsertDeleteBenchmark,bTreeInsertDelete,4,50000,129.433,1.464,24.093,12.956,4.922,10⁻⁴,0.363,0.035,0.475,0.640,4.487,24.996,0.167,20.751,0.006,9.987,0.054,27.710,485.505,99.545,0.166,0.006,0.046,0.005,0.023,0.768,484.892,489.728,0.002,487.153,0.001,99.641,0.002,2195.162
InsertDeleteBenchmark,bTreeInsertDelete,4,1000000,295.588,5.424,58.239,28.489,10.579,0.001,1.209,0.195,0.817,1.150,50.782,310.739,0.371,60.598,0.022,39.115,0.729,277.058,1425.978,494.796,0.418,0.014,0.115,0.024,0.123,0.980,1104.570,1120.182,0.008,1429.080,0.002,495.059,0.006,5559.063
InsertDeleteBenchmark,bTreeInsertDelete,4,5000000,300.891,2.323,29.587,14.868,6.276,10⁻⁴,0.788,0.077,0.323,0.548,18.331,131.151,0.172,15.348,0.007,12.001,0.253,100.928,1497.253,506.221,0.295,0.011,0.103,0.021,0.271,0.013,1172.360,1138.918,0.007,1493.084,0.002,504.869,0.004,5856.999
InsertDeleteBenchmark,bTreeInsertDelete,32,1000,53.041,0.267,12.384,7.351,2.827,10⁻⁵,0.209,0.031,0.136,0.421,7.786,88.876,0.131,7.762,0.004,5.403,0.233,42.162,262.866,69.518,0.080,0.003,0.023,0.006,0.010,0.004,228.407,201.697,0.002,261.088,10⁻³,69.368,0.001,1086.926
InsertDeleteBenchmark,bTreeInsertDelete,32,50000,82.186,0.611,11.840,7.320,3.676,10⁻⁴,0.330,0.035,0.631,0.384,10.275,90.540,0.047,4.045,0.006,7.853,0.249,56.290,330.681,59.259,0.104,0.003,0.027,0.002,0.010,0.006,355.468,311.048,0.001,332.355,10⁻³,59.456,0.001,1569.361
InsertDeleteBenchmark,bTreeInsertDelete,32,1000000,201.867,3.611,59.072,27.694,11.585,10⁻³,0.994,0.152,0.963,1.672,43.484,302.217,0.496,35.902,0.017,32.675,0.790,236.974,893.161,345.611,0.443,0.013,0.118,0.117,0.190,0.028,806.266,767.621,0.011,898.302,0.002,347.698,0.006,3789.912
InsertDeleteBenchmark,bTreeInsertDelete,32,5000000,204.672,1.580,31.721,19.272,8.122,10⁻³,0.898,0.032,0.562,0.926,13.254,203.105,0.232,31.968,0.008,16.594,0.445,129.309,919.854,348.426,0.312,0.011,0.099,0.084,0.141,0.016,837.841,777.189,0.008,922.220,0.002,348.781,0.006,3912.470
InsertDeleteBenchmark,bTreeInsertDelete,128,1000,54.679,0.763,13.062,5.721,2.547,10⁻⁴,0.179,0.025,0.205,0.334,10.720,100.831,0.132,13.740,0.005,8.137,0.253,62.476,249.837,63.539,0.069,0.003,0.022,0.005,0.012,0.005,235.391,207.599,0.009,248.462,0.001,63.309,0.001,1093.976
InsertDeleteBenchmark,bTreeInsertDelete,128,50000,81.707,1.143,20.431,8.423,2.809,10⁻⁴,0.279,0.046,0.091,0.483,22.784,121.193,0.094,37.537,0.008,9.351,0.273,113.322,334.372,59.467,0.091,0.002,0.026,0.002,0.008,0.007,356.417,309.198,0.002,334.563,0.001,59.442,0.001,1621.839
InsertDeleteBenchmark,bTreeInsertDelete,128,1000000,97.056,0.511,10.644,7.868,2.659,10⁻⁴,0.252,10⁻⁵,0.162,0.328,6.865,79.506,0.074,5.205,0.003,4.325,0.214,38.929,364.490,61.280,0.130,0.004,0.031,0.003,0.008,0.007,415.177,367.484,0.001,366.586,0.001,61.526,0.001,1887.965
InsertDeleteBenchmark,bTreeInsertDelete,128,5000000,105.175,0.903,9.421,5.054,2.559,10⁻⁴,0.206,NaN,10⁻⁴,0.338,7.011,32.252,NaN,NaN,0.001,NaN,0.073,42.206,412.466,60.366,0.102,0.005,0.029,0.004,0.012,0.004,462.602,398.142,0.002,411.998,0.001,60.398,0.001,2087.633
RangeBenchmark,bPlusTreeRange,4,1000,306.128,3.033,106.322,43.661,13.957,0.001,1.117,0.014,0.703,2.350,60.544,555.805,0.675,91.686,0.021,52.092,1.434,357.757,1792.412,575.263,0.643,0.025,0.213,0.582,0.705,0.093,1431.792,1164.028,0.021,1804.411,0.005,577.215,0.017,7084.437
RangeBenchmark,bPlusTreeRange,4,50000,16813.114,164.313,3956.950,2132.263,909.741,0.049,80.085,0.173,22.554,138.862,2577.535,29274.341,36.381,2148.282,1.017,2012.809,73.474,14680.260,96086.949,18973.982,29.932,1.093,10.252,300.066,371.452,8.411,55271.128,64003.182,7.460,95653.330,11.021,18793.194,0.652,291953.689
RangeBenchmark,bPlusTreeRange,4,1000000,494897.140,7537.499,268572.211,53593.220,19567.941,24.362,2175.469,89.919,588.572,3392.894,182605.166,1046095.412,928.190,149620.034,26.898,53175.429,1598.761,940640.709,1888320.726,365569.114,813.765,386.591,2327.370,5568.888,6289.048,16590.944,1093397.377,1884180.338,236.617,1884157.408,306.749,363679.624,21.901,5742146.179
RangeBenchmark,bPlusTreeRange,4,5000000,4348572.555,594557.943,14987335.786,3271793.801,101997.465,41.457,16869.098,2497.021,14923.100,45365.141,11349890.040,19078335.502,3353.452,13813841.399,167.404,3138482.695,3235.507,58173089.955,27493512.352,5833204.957,15397.748,16840.604,40250.857,52142.058,72261.337,159221.136,16101389.690,36854777.014,7480.973,27591656.199,3511.120,5870948.882,618.654,88267645.190
RangeBenchmark,bPlusTreeRange,32,1000,388.412,7.799,131.229,72.864,21.980,0.001,1.734,0.295,2.771,3.318,87.707,736.820,0.988,122.419,0.032,82.961,1.908,520.624,2640.647,1532.236,0.706,0.026,0.223,0.349,0.448,0.172,1262.137,1477.858,0.023,2647.338,0.007,1535.259,0.013,8292.793
RangeBenchmark,bPlusTreeRange,32,50000,16861.687,476.155,6875.916,2513.313,611.796,0.052,74.761,1.458,66.607,111.361,4505.626,31840.054,46.892,4037.606,1.134,2426.510,82.891,23242.980,84626.446,18037.269,29.228,1.318,10.305,313.169,381.826,89.657,48204.909,64224.723,7.222,84135.031,11.073,17974.427,0.526,261280.123
RangeBenchmark,bPlusTreeRange,32,1000000,339226.537,6912.921,55335.643,26505.011,14211.895,5.466,1408.593,171.784,821.344,1509.243,36160.978,332984.280,448.349,71126.022,21.480,27958.444,516.215,238044.624,1367377.696,345318.080,573.995,257.727,2661.005,5895.981,6405.542,2342.040,944215.691,1290598.762,43.619,1373845.924,304.559,344571.958,15.141,4818142.308
RangeBenchmark,bPlusTreeRange,32,5000000,3169903.764,441104.315,15916432.302,3498868.897,51019.059,99.145,12509.423,4558.403,18444.521,25778.864,11466905.842,18343759.032,2309.675,14473276.856,231.235,3254203.634,2149.458,59029686.037,23504407.759,5623195.786,19614.849,8756.168,18759.466,53090.868,73764.089,38239.007,14598493.218,28652040.727,2583.004,23446255.047,5572.350,5574436.165,623.116,78588527.195
RangeBenchmark,bPlusTreeRange,128,1000,272.025,2.548,100.888,56.238,15.105,0.002,1.268,0.219,1.696,1.915,60.275,466.460,0.688,88.955,0.028,50.909,1.153,314.746,1507.526,547.299,0.449,0.017,0.172,0.951,1.042,0.198,1236.496,1034.097,0.024,1501.293,0.005,544.681,0.015,6115.639
RangeBenchmark,bPlusTreeRange,128,50000,15213.937,87.411,3249.153,1882.819,733.946,0.018,55.639,7.726,24.854,120.223,2309.962,26803.483,35.485,3010.610,1.089,1956.652,66.822,13616.450,67919.233,17870.181,30.224,1.098,10.006,292.120,359.776,45.253,47300.587,57926.886,7.152,68489.754,11.086,17897.879,0.726,237235.593
RangeBenchmark,bPlusTreeRange,128,1000000,324579.730,7204.076,123832.129,39687.475,14933.671,3.025,1344.566,0.479,761.599,2410.568,78353.955,613470.120,435.432,77023.008,25.802,31209.561,1086.049,410576.878,1350365.782,344738.980,691.036,262.303,3330.130,5895.412,6490.059,683.929,937664.691,1241848.386,56.698,1345408.676,308.404,344879.775,14.810,4700683.449
RangeBenchmark,bPlusTreeRange,128,5000000,3178221.071,355916.601,13987771.855,2984711.151,70719.923,115.365,13942.960,3923.453,16514.948,28582.602,10578670.383,18901974.686,2720.719,13421032.359,450.141,2922859.178,3714.018,53997317.490,22263939.870,5304593.982,20864.715,7004.467,18017.198,52724.645,76436.316,25725.482,13624629.973,27820395.544,3019.416,22133657.292,6268.280,5298135.880,511.704,73809564.402
RangeBenchmark,bTreeRange,4,1000,535.575,4.639,154.394,81.989,28.063,0.001,2.504,10⁻⁴,,4.271,98.357,906.210,0.765,31.577,0.025,58.595,2.115,592.219,3944.771,1873.818,0.882,0.031,0.257,0.186,0.272,0.052,1686.085,2031.683,0.033,3911.059,0.006,1870.015,0.012,11219.582
RangeBenchmark,bTreeRange,4,50000,22693.089,425.210,10049.484,3611.147,1075.320,0.032,102.454,4.105,75.570,192.895,7667.843,43448.804,43.217,6840.592,1.518,3476.069,93.353,38700.633,110846.501,26811.457,37.741,1.671,12.485,323.383,385.650,11.020,74771.916,86128.313,8.121,110757.900,11.104,26799.791,0.755,375218.759
RangeBenchmark,bTreeRange,4,1000000,723624.391,12486.797,335028.223,86133.171,22901.082,19.682,2686.099,314.918,1881.809,4251.216,193585.793,1232882.810,891.420,135124.795,41.276,56610.783,1725.458,1019527.304,2791971.731,955182.995,1196.218,562.694,6312.732,5612.555,6287.736,18458.642,1456270.594,2745778.620,620.637,2806488.159,309.305,959008.745,26.205,8323536.906
RangeBenchmark,bTreeRange,4,5000000,6419248.503,314000.285,13678910.650,3208548.401,175688.638,206.106,32266.714,916.122,8639.409,65019.597,9875975.498,19595873.029,5873.278,11643103.162,226.272,2687902.563,9209.697,49077550.160,34872501.758,9815959.642,12866.321,40161.800,69463.912,48695.017,71377.512,198724.392,19378818.878,47888135.589,13167.302,34639693.021,2104.010,9765575.420,386.915,109906694.487
RangeBenchmark,bTreeRange,32,1000,470.886,21.101,146.182,81.860,26.516,0.002,2.159,1.259,3.590,3.854,78.938,774.629,0.675,148.676,0.029,37.172,1.552,457.731,3631.990,1283.826,0.746,0.029,0.230,0.359,0.443,0.363,1441.818,1788.057,0.028,3617.433,0.014,1280.111,0.013,9258.824
RangeBenchmark,bTreeRange,32,50000,21317.925,705.697,,,,,,,,,,,,,,,,,,,,,,,,,,,,,,,,
RangeBenchmark,bTreeRange,32,1000000,471851.280,1948.827,221037.726,62279.530,19409.367,12.804,1894.721,173.150,2218.035,3359.227,136599.689,1017754.944,758.376,189309.280,39.212,43213.914,1481.358,819987.424,2594264.582,1130237.694,865.285,286.067,3211.265,5566.377,6148.496,2416.205,1253251.683,1796846.712,234.917,2605186.508,409.474,1132706.345,17.722,7400602.967
RangeBenchmark,bTreeRange,32,5000000,3447626.364,333957.716,13525719.762,2791073.517,61775.219,57.940,11080.275,936.723,5862.950,26618.375,10366000.862,18180495.614,4510.172,12238677.488,209.142,2641748.013,4561.787,52883020.019,25270779.362,6333040.048,20498.673,7597.184,17916.387,52922.760,75307.869,30939.348,15023328.927,27526296.765,2621.271,25445878.352,5791.801,6326965.680,538.306,80499264.684
RangeBenchmark,bTreeRange,128,1000,586.041,6.041,111.962,53.699,27.216,0.001,2.484,0.342,3.129,4.298,76.170,732.459,1.035,78.661,0.038,54.997,1.922,516.311,4810.835,1354.213,0.938,0.035,0.259,0.397,0.485,0.489,2059.076,2221.574,0.025,4809.445,0.007,1353.367,0.016,11524.763
RangeBenchmark,bTreeRange,128,50000,28676.257,538.692,9922.119,4841.852,1086.670,0.127,83.495,8.903,17.992,224.639,6329.410,53605.228,60.770,6673.311,1.972,5344.128,123.263,39701.945,160955.293,95838.683,41.774,1.614,13.008,303.765,369.101,54.782,62587.316,108760.729,8.188,160249.288,11.124,95637.830,0.665,469593.882
RangeBenchmark,bTreeRange,128,1000000,366209.786,5053.325,195782.671,51854.547,15334.499,10.374,1562.610,260.917,761.670,2386.908,128506.374,794956.203,679.235,196054.581,39.599,53947.143,1140.166,767380.061,1960252.606,458484.214,655.925,246.598,3345.665,5582.622,6252.276,696.309,1148276.130,1398682.070,74.759,1942773.533,310.179,455604.814,18.393,6040600.227
RangeBenchmark,bTreeRange,128,5000000,3181117.714,488258.578,14373949.572,2919614.916,69600.928,35.890,13432.590,996.726,7390.785,18186.562,10928506.883,17169041.122,2830.936,14163029.262,151.063,2806293.570,3097.222,55638726.081,24483049.425,5326854.736,18376.206,6239.713,16209.816,53647.321,75447.258,17590.355,14559097.100,26754669.269,2294.523,24517488.725,5374.817,5330475.750,498.359,78293464.291
